Year,State Abbr.,State FIPS,State Sales Tax Rate,State Food Sales Tax Rate,Food exempt from state sales tax (Source: FTA) (Y/N),"Statutes tax all ""food products"" sold through (VM) (Y/N)",Statutes EXEMPT all food products sold through (VM) (Y/N),Sales Tax: regular soda sold at retail (not in VM; not fountain),Sales Tax: regular soda (VM),Disfavored tax: Soda (Y/N),Disfavored tax: soda sold through VM (Y/N),Sales Tax rate Bottled Water ,Sales tax: Candy,Sales Tax: Gum,Sales Tax: Chips/ Pretzels (VM),Sales Tax: Ice Cream,Sales Tax: Popsicle,Sales Tax: Milkshakes/ Baked Goods
1997,AL,1,4.000,4.000,0.000,0.000,0.000,4.000,4.000,0,0,4.000,4.000,4.000,4.000,4.000,4.000,4.000
1998,AL,1,4.000,4.000,0.000,0.000,0.000,4.000,4.000,0,0,4.000,4.000,4.000,4.000,4.000,4.000,4.000
1999,AL,1,4.000,4.000,0.000,0.000,0.000,4.000,4.000,0,0,4.000,4.000,4.000,4.000,4.000,4.000,4.000
2000,AL,1,4.000,4.000,0.000,0.000,0.000,4.000,4.000,0,0,4.000,4.000,4.000,4.000,4.000,4.000,4.000
2001,AL,1,4.000,4.000,0.000,0.000,0.000,4.000,4.000,0,0,4.000,4.000,4.000,4.000,4.000,4.000,4.000
2002,AL,1,4.000,4.000,0.000,0.000,0.000,4.000,4.000,0,0,4.000,4.000,4.000,4.000,4.000,4.000,4.000
2003,AL,1,4.000,4.000,0.000,0.000,0.000,4.000,4.000,0,0,4.000,4.000,4.000,4.000,4.000,4.000,4.000
2004,AL,1,4.000,4.000,0.000,0.000,0.000,4.000,4.000,0,0,4.000,4.000,4.000,4.000,4.000,4.000,4.000
2005,AL,1,4.000,4.000,0.000,0.000,0.000,4.000,4.000,0,0,4.000,4.000,4.000,4.000,4.000,4.000,4.000
2006,AL,1,4.000,4.000,0.000,0.000,0.000,4.000,4.000,0,0,4.000,4.000,4.000,4.000,4.000,4.000,4.000
2007,AL,1,4.000,4.000,0.000,0.000,0.000,4.000,4.000,0,0,4.000,4.000,4.000,4.000,4.000,4.000,4.000
2008,AL,1,4.000,4.000,0.000,0.000,0.000,4.000,4.000,0,0,4.000,4.000,4.000,4.000,4.000,4.000,4.000
2009,AL,1,4.000,4.000,0.000,0.000,0.000,4.000,4.000,0,0,4.000,4.000,4.000,4.000,4.000,4.000,4.000
2010,AL,1,4.000,4.000,0.000,0.000,0.000,4.000,4.000,0,0,4.000,4.000,4.000,4.000,4.000,4.000,4.000
2011,AL,1,4.000,4.000,0.000,0.000,0.000,4.000,4.000,0,0,4.000,4.000,4.000,4.000,4.000,4.000,4.000
2012,AL,1,4.000,4.000,0.000,0.000,0.000,4.000,4.000,0,0,4.000,4.000,4.000,4.000,4.000,4.000,4.000
2013,AL,1,4.000,4.000,0.000,0.000,0.000,4.000,4.000,0,0,4.000,4.000,4.000,4.000,4.000,4.000,4.000
2014,AL,1,4.000,4.000,0.000,0.000,0.000,4.000,4.000,0,0,4.000,4.000,4.000,4.000,4.000,4.000,4.000
1997,AK,2,0.000,0.000,0.000,0.000,0.000,0.000,0.000,0,0,0.000,0.000,0.000,0.000,0.000,0.000,0.000
1998,AK,2,0.000,0.000,0.000,0.000,0.000,0.000,0.000,0,0,0.000,0.000,0.000,0.000,0.000,0.000,0.000
1999,AK,2,0.000,0.000,0.000,0.000,0.000,0.000,0.000,0,0,0.000,0.000,0.000,0.000,0.000,0.000,0.000
2000,AK,2,0.000,0.000,0.000,0.000,0.000,0.000,0.000,0,0,0.000,0.000,0.000,0.000,0.000,0.000,0.000
2001,AK,2,0.000,0.000,0.000,0.000,0.000,0.000,0.000,0,0,0.000,0.000,0.000,0.000,0.000,0.000,0.000
2002,AK,2,0.000,0.000,0.000,0.000,0.000,0.000,0.000,0,0,0.000,0.000,0.000,0.000,0.000,0.000,0.000
2003,AK,2,0.000,0.000,0.000,0.000,0.000,0.000,0.000,0,0,0.000,0.000,0.000,0.000,0.000,0.000,0.000
2004,AK,2,0.000,0.000,0.000,0.000,0.000,0.000,0.000,0,0,0.000,0.000,0.000,0.000,0.000,0.000,0.000
2005,AK,2,0.000,0.000,0.000,0.000,0.000,0.000,0.000,0,0,0.000,0.000,0.000,0.000,0.000,0.000,0.000
2006,AK,2,0.000,0.000,0.000,0.000,0.000,0.000,0.000,0,0,0.000,0.000,0.000,0.000,0.000,0.000,0.000
2007,AK,2,0.000,0.000,0.000,0.000,0.000,0.000,0.000,0,0,0.000,0.000,0.000,0.000,0.000,0.000,0.000
2008,AK,2,0.000,0.000,0.000,0.000,0.000,0.000,0.000,0,0,0.000,0.000,0.000,0.000,0.000,0.000,0.000
2009,AK,2,0.000,0.000,0.000,0.000,0.000,0.000,0.000,0,0,0.000,0.000,0.000,0.000,0.000,0.000,0.000
2010,AK,2,0.000,0.000,0.000,0.000,0.000,0.000,0.000,0,0,0.000,0.000,0.000,0.000,0.000,0.000,0.000
2011,AK,2,0.000,0.000,0.000,0.000,0.000,0.000,0.000,0,0,0.000,0.000,0.000,0.000,0.000,0.000,0.000
2012,AK,2,0.000,0.000,0.000,0.000,0.000,0.000,0.000,0,0,0.000,0.000,0.000,0.000,0.000,0.000,0.000
2013,AK,2,0.000,0.000,0.000,0.000,0.000,0.000,0.000,0,0,0.000,0.000,0.000,0.000,0.000,0.000,0.000
2014,AK,2,0.000,0.000,0.000,0.000,0.000,0.000,0.000,0,0,0.000,0.000,0.000,0.000,0.000,0.000,0.000
1997,AZ,4,5.000,0.000,1.000,0.000,1.000,0.000,0.000,0,0,0.000,0.000,0.000,0.000,0.000,0.000,0.000
1998,AZ,4,5.000,0.000,1.000,0.000,1.000,0.000,0.000,0,0,0.000,0.000,0.000,0.000,0.000,0.000,0.000
1999,AZ,4,5.000,0.000,1.000,0.000,1.000,0.000,0.000,0,0,0.000,0.000,0.000,0.000,0.000,0.000,0.000
2000,AZ,4,5.000,0.000,1.000,0.000,1.000,0.000,0.000,0,0,0.000,0.000,0.000,0.000,0.000,0.000,0.000
2001,AZ,4,5.000,0.000,1.000,0.000,1.000,0.000,0.000,0,0,0.000,0.000,0.000,0.000,0.000,0.000,0.000
2002,AZ,4,5.600,0.000,1.000,0.000,1.000,0.000,0.000,0,0,0.000,0.000,0.000,0.000,0.000,0.000,0.000
2003,AZ,4,5.600,0.000,1.000,0.000,1.000,0.000,0.000,0,0,0.000,0.000,0.000,0.000,0.000,0.000,0.000
2004,AZ,4,5.600,0.000,1.000,0.000,1.000,0.000,0.000,0,0,0.000,0.000,0.000,0.000,0.000,0.000,0.000
2005,AZ,4,5.600,0.000,1.000,0.000,1.000,0.000,0.000,0,0,0.000,0.000,0.000,0.000,0.000,0.000,0.000
2006,AZ,4,5.600,0.000,1.000,0.000,1.000,0.000,0.000,0,0,0.000,0.000,0.000,0.000,0.000,0.000,0.000
2007,AZ,4,5.600,0.000,1.000,0.000,1.000,0.000,0.000,0,0,0.000,0.000,0.000,0.000,0.000,0.000,0.000
2008,AZ,4,5.600,0.000,1.000,0.000,1.000,0.000,0.000,0,0,0.000,0.000,0.000,0.000,0.000,0.000,0.000
2009,AZ,4,5.600,0.000,1.000,0.000,1.000,0.000,0.000,0,0,0.000,0.000,0.000,0.000,0.000,0.000,0.000
2010,AZ,4,5.600,0.000,1.000,0.000,1.000,0.000,0.000,0,0,0.000,0.000,0.000,0.000,0.000,0.000,0.000
2011,AZ,4,6.600,0.000,1.000,0.000,1.000,0.000,0.000,0,0,0.000,0.000,0.000,0.000,0.000,0.000,0.000
2012,AZ,4,6.600,0.000,1.000,0.000,1.000,0.000,0.000,0,0,0.000,0.000,0.000,0.000,0.000,0.000,0.000
2013,AZ,4,6.600,0.000,1.000,0.000,1.000,0.000,0.000,0,0,0.000,0.000,0.000,0.000,0.000,0.000,0.000
2014,AZ,4,5.600,0.000,1.000,0.000,1.000,0.000,0.000,0,0,0.000,0.000,0.000,0.000,0.000,0.000,0.000
1997,AR,5,4.500,4.500,0.000,0.000,0.000,4.500,4.500,0,0,4.500,4.500,4.500,4.500,4.500,4.500,4.500
1998,AR,5,4.630,4.630,0.000,0.000,0.000,4.630,4.630,0,0,4.630,4.630,4.630,4.630,4.630,4.630,4.630
1999,AR,5,4.630,4.630,0.000,0.000,0.000,4.630,4.630,0,0,4.630,4.630,4.630,4.630,4.630,4.630,4.630
2000,AR,5,4.630,4.630,0.000,0.000,0.000,4.630,4.630,0,0,4.630,4.630,4.630,4.630,4.630,4.630,4.630
2001,AR,5,4.630,4.630,0.000,0.000,0.000,4.630,4.630,0,0,4.630,4.630,4.630,4.630,4.630,4.630,4.630
2002,AR,5,5.125,5.125,0.000,0.000,0.000,5.125,5.125,0,0,5.125,5.125,5.125,5.125,5.125,5.125,5.125
2003,AR,5,5.125,5.125,0.000,0.000,0.000,5.125,5.125,0,0,5.125,5.125,5.125,5.125,5.125,5.125,5.125
2004,AR,5,5.125,5.125,0.000,0.000,0.000,5.125,5.125,0,0,5.125,5.125,5.125,5.125,5.125,5.125,5.125
2005,AR,5,6.000,6.000,0.000,0.000,0.000,6.000,6.000,0,0,6.000,6.000,6.000,6.000,6.000,6.000,6.000
2006,AR,5,6.000,6.000,0.000,0.000,0.000,6.000,6.000,0,0,6.000,6.000,6.000,6.000,6.000,6.000,6.000
2007,AR,5,6.000,6.000,0.000,0.000,0.000,6.000,6.000,0,0,6.000,6.000,6.000,6.000,6.000,6.000,6.000
2008,AR,5,6.000,3.000,1.000,0.000,0.000,3.000,3.000,0,0,3.000,3.000,3.000,3.000,3.000,3.000,3.000
2009,AR,5,6.000,3.000,1.000,0.000,0.000,3.000,3.000,0,0,3.000,3.000,3.000,3.000,3.000,3.000,3.000
2010,AR,5,6.000,2.000,1.000,0.000,0.000,2.000,2.000,0,0,2.000,2.000,2.000,2.000,2.000,2.000,2.000
2011,AR,5,6.000,2.000,1.000,0.000,0.000,2.000,2.000,0,0,2.000,2.000,2.000,2.000,2.000,2.000,2.000
2012,AR,5,6.000,1.500,1.000,0.000,0.000,1.500,1.500,0,0,1.500,1.500,1.500,1.500,1.500,1.500,1.500
2013,AR,5,6.000,1.500,1.000,0.000,0.000,1.500,1.500,0,0,1.500,1.500,1.500,1.500,1.500,1.500,1.500
2014,AR,5,6.500,1.500,1.000,0.000,0.000,1.500,1.500,0,0,1.500,1.500,1.500,1.500,1.500,1.500,1.500
1997,CA,6,6.000,0.000,1.000,1.000,0.000,6.000,6.000,1,1,,0.000,0.000,6.000,0.000,0.000,0.000
1998,CA,6,6.000,0.000,1.000,1.000,0.000,6.000,6.000,1,1,,0.000,0.000,6.000,0.000,0.000,0.000
1999,CA,6,6.000,0.000,1.000,1.000,0.000,6.000,6.000,1,1,,0.000,0.000,6.000,0.000,0.000,0.000
2000,CA,6,6.000,0.000,1.000,1.000,0.000,6.000,6.000,1,1,,0.000,0.000,6.000,0.000,0.000,0.000
2001,CA,6,6.000,0.000,1.000,1.000,0.000,6.000,6.000,1,1,,0.000,0.000,6.000,0.000,0.000,0.000
2002,CA,6,6.000,0.000,1.000,1.000,0.000,6.000,6.000,1,1,,0.000,0.000,6.000,0.000,0.000,0.000
2003,CA,6,6.000,0.000,1.000,1.000,0.000,6.000,6.000,1,1,,0.000,0.000,6.000,0.000,0.000,0.000
2004,CA,6,6.000,0.000,1.000,1.000,0.000,6.000,6.000,1,1,,0.000,0.000,6.000,0.000,0.000,0.000
2005,CA,6,6.250,0.000,1.000,1.000,0.000,6.250,6.250,1,1,,0.000,0.000,6.250,0.000,0.000,0.000
2006,CA,6,6.250,0.000,1.000,1.000,0.000,6.250,6.250,1,1,,0.000,0.000,6.250,0.000,0.000,0.000
2007,CA,6,6.250,0.000,1.000,1.000,0.000,6.250,6.250,1,1,,0.000,0.000,6.250,0.000,0.000,0.000
2008,CA,6,6.250,0.000,1.000,1.000,0.000,6.250,6.250,1,1,,0.000,0.000,6.250,0.000,0.000,0.000
2009,CA,6,6.250,0.000,1.000,1.000,0.000,6.250,6.250,1,1,0.000,0.000,0.000,6.250,0.000,0.000,0.000
2010,CA,6,7.250,0.000,1.000,1.000,0.000,7.250,7.250,1,1,0.000,0.000,0.000,7.250,0.000,0.000,0.000
2011,CA,6,7.250,0.000,1.000,1.000,0.000,7.250,7.250,1,1,0.000,0.000,0.000,7.250,0.000,0.000,0.000
2012,CA,6,6.250,0.000,1.000,1.000,0.000,6.250,6.250,1,1,0.000,0.000,0.000,6.250,0.000,0.000,0.000
2013,CA,6,6.500,0.000,1.000,1.000,0.000,6.500,6.500,1,1,0.000,0.000,0.000,6.500,0.000,0.000,0.000
2014,CA,6,6.500,0.000,1.000,1.000,0.000,6.500,6.500,1,1,0.000,0.000,0.000,6.500,0.000,0.000,0.000
1997,CO,8,3.000,0.000,1.000,0.000,1.000,0.000,0.000,0,0,0.000,0.000,3.000,0.000,0.000,0.000,0.000
1998,CO,8,3.000,0.000,1.000,0.000,1.000,0.000,0.000,0,0,0.000,0.000,3.000,0.000,0.000,0.000,0.000
1999,CO,8,3.000,0.000,1.000,0.000,1.000,0.000,0.000,0,0,0.000,0.000,3.000,0.000,0.000,0.000,0.000
2000,CO,8,3.000,0.000,1.000,0.000,1.000,0.000,0.000,0,0,0.000,0.000,3.000,0.000,0.000,0.000,0.000
2001,CO,8,3.000,0.000,1.000,0.000,1.000,0.000,0.000,0,0,0.000,0.000,3.000,0.000,0.000,0.000,0.000
2002,CO,8,2.910,0.000,1.000,0.000,1.000,0.000,0.000,0,0,0.000,0.000,2.910,0.000,0.000,0.000,0.000
2003,CO,8,2.910,0.000,1.000,0.000,1.000,0.000,0.000,0,0,0.000,0.000,2.910,0.000,0.000,0.000,0.000
2004,CO,8,2.910,0.000,1.000,0.000,1.000,0.000,0.000,0,0,0.000,0.000,2.910,0.000,0.000,0.000,0.000
2005,CO,8,2.910,0.000,1.000,0.000,1.000,0.000,0.000,0,0,0.000,0.000,2.910,0.000,0.000,0.000,0.000
2006,CO,8,2.910,0.000,1.000,0.000,1.000,0.000,0.000,0,0,0.000,0.000,2.910,0.000,0.000,0.000,0.000
2007,CO,8,2.910,0.000,1.000,0.000,1.000,0.000,0.000,0,0,0.000,0.000,2.910,0.000,0.000,0.000,0.000
2008,CO,8,2.910,0.000,1.000,0.000,1.000,0.000,0.000,0,0,0.000,0.000,2.910,0.000,0.000,0.000,0.000
2009,CO,8,2.910,0.000,1.000,0.000,1.000,0.000,0.000,0,0,0.000,0.000,2.910,0.000,0.000,0.000,0.000
2010,CO,8,2.910,0.000,1.000,0.000,1.000,0.000,0.000,0,0,0.000,0.000,2.910,0.000,0.000,0.000,0.000
2011,CO,8,2.910,0.000,1.000,0.000,1.000,2.910,2.910,1,1,0.000,2.910,2.910,0.000,0.000,0.000,0.000
2012,CO,8,2.910,0.000,1.000,0.000,1.000,2.910,2.910,1,1,0.000,2.910,2.910,0.000,0.000,0.000,0.000
2013,CO,8,2.910,0.000,1.000,0.000,1.000,2.910,2.910,1,1,0.000,2.910,2.910,0.000,0.000,0.000,0.000
2014,CO,8,2.910,0.000,1.000,0.000,1.000,2.910,2.910,1,1,0.000,2.910,2.910,0.000,0.000,0.000,0.000
1997,CT,9,6.000,0.000,1.000,0.000,0.000,6.000,6.000,1,1,0.000,6.000,6.000,0.000,0.000,0.000,0.000
1998,CT,9,6.000,0.000,1.000,0.000,0.000,6.000,6.000,1,1,0.000,6.000,6.000,0.000,0.000,0.000,0.000
1999,CT,9,6.000,0.000,1.000,0.000,0.000,6.000,6.000,1,1,0.000,6.000,6.000,0.000,0.000,0.000,0.000
2000,CT,9,6.000,0.000,1.000,0.000,0.000,6.000,6.000,1,1,0.000,6.000,6.000,0.000,0.000,0.000,0.000
2001,CT,9,6.000,0.000,1.000,0.000,0.000,6.000,6.000,1,1,0.000,6.000,6.000,0.000,0.000,0.000,0.000
2002,CT,9,6.000,0.000,1.000,0.000,0.000,6.000,6.000,1,1,0.000,6.000,6.000,0.000,0.000,0.000,0.000
2003,CT,9,6.000,0.000,1.000,0.000,0.000,6.000,6.000,1,1,0.000,6.000,6.000,0.000,0.000,0.000,0.000
2004,CT,9,6.000,0.000,1.000,0.000,0.000,6.000,6.000,1,1,0.000,6.000,6.000,0.000,0.000,0.000,0.000
2005,CT,9,6.000,0.000,1.000,0.000,0.000,6.000,6.000,1,1,0.000,6.000,6.000,0.000,0.000,0.000,0.000
2006,CT,9,6.000,0.000,1.000,0.000,0.000,6.000,6.000,1,1,0.000,6.000,6.000,0.000,0.000,0.000,0.000
2007,CT,9,6.000,0.000,1.000,0.000,0.000,6.000,6.000,1,1,0.000,6.000,6.000,0.000,0.000,0.000,0.000
2008,CT,9,6.000,0.000,1.000,0.000,0.000,6.000,6.000,1,1,0.000,6.000,6.000,0.000,0.000,0.000,0.000
2009,CT,9,6.000,0.000,1.000,0.000,0.000,6.000,6.000,1,1,0.000,6.000,6.000,0.000,0.000,0.000,0.000
2010,CT,9,6.000,0.000,1.000,0.000,0.000,6.000,6.000,1,1,0.000,6.000,6.000,0.000,0.000,0.000,0.000
2011,CT,9,6.000,0.000,1.000,0.000,0.000,6.000,6.000,1,1,0.000,6.000,6.000,0.000,0.000,0.000,0.000
2012,CT,9,6.350,0.000,1.000,0.000,0.000,6.350,6.350,1,1,0.000,6.350,6.350,0.000,0.000,0.000,0.000
2013,CT,9,6.350,0.000,1.000,0.000,0.000,6.350,6.350,1,1,0.000,6.350,6.350,0.000,0.000,0.000,0.000
2014,CT,9,6.350,0.000,1.000,0.000,0.000,6.350,6.350,1,1,0.000,6.350,6.350,0.000,0.000,0.000,0.000
1997,DE,10,0.000,0.000,0.000,0.000,0.000,0.000,0.000,0,0,0.000,0.000,0.000,0.000,0.000,0.000,0.000
1998,DE,10,0.000,0.000,0.000,0.000,0.000,0.000,0.000,0,0,0.000,0.000,0.000,0.000,0.000,0.000,0.000
1999,DE,10,0.000,0.000,0.000,0.000,0.000,0.000,0.000,0,0,0.000,0.000,0.000,0.000,0.000,0.000,0.000
2000,DE,10,0.000,0.000,0.000,0.000,0.000,0.000,0.000,0,0,0.000,0.000,0.000,0.000,0.000,0.000,0.000
2001,DE,10,0.000,0.000,0.000,0.000,0.000,0.000,0.000,0,0,0.000,0.000,0.000,0.000,0.000,0.000,0.000
2002,DE,10,0.000,0.000,0.000,0.000,0.000,0.000,0.000,0,0,0.000,0.000,0.000,0.000,0.000,0.000,0.000
2003,DE,10,0.000,0.000,0.000,0.000,0.000,0.000,0.000,0,0,0.000,0.000,0.000,0.000,0.000,0.000,0.000
2004,DE,10,0.000,0.000,0.000,0.000,0.000,0.000,0.000,0,0,0.000,0.000,0.000,0.000,0.000,0.000,0.000
2005,DE,10,0.000,0.000,0.000,0.000,0.000,0.000,0.000,0,0,0.000,0.000,0.000,0.000,0.000,0.000,0.000
2006,DE,10,0.000,0.000,0.000,0.000,0.000,0.000,0.000,0,0,0.000,0.000,0.000,0.000,0.000,0.000,0.000
2007,DE,10,0.000,0.000,0.000,0.000,0.000,0.000,0.000,0,0,0.000,0.000,0.000,0.000,0.000,0.000,0.000
2008,DE,10,0.000,0.000,0.000,0.000,0.000,0.000,0.000,0,0,0.000,0.000,0.000,0.000,0.000,0.000,0.000
2009,DE,10,0.000,0.000,0.000,0.000,0.000,0.000,0.000,0,0,0.000,0.000,0.000,0.000,0.000,0.000,0.000
2010,DE,10,0.000,0.000,0.000,0.000,0.000,0.000,0.000,0,0,0.000,0.000,0.000,0.000,0.000,0.000,0.000
2011,DE,10,0.000,0.000,0.000,0.000,0.000,0.000,0.000,0,0,0.000,0.000,0.000,0.000,0.000,0.000,0.000
2012,DE,10,0.000,0.000,0.000,0.000,0.000,0.000,0.000,0,0,0.000,0.000,0.000,0.000,0.000,0.000,0.000
2013,DE,10,0.000,0.000,0.000,0.000,0.000,0.000,0.000,0,0,0.000,0.000,0.000,0.000,0.000,0.000,0.000
2014,DE,10,0.000,0.000,0.000,0.000,0.000,0.000,0.000,0,0,0.000,0.000,0.000,0.000,0.000,0.000,0.000
1997,DC,11,5.750,0.000,1.000,1.000,0.000,5.750,5.750,1,1,5.750,5.750,5.750,5.750,5.750,0.000,5.750
1998,DC,11,5.750,0.000,1.000,1.000,0.000,5.750,5.750,1,1,5.750,5.750,5.750,5.750,5.750,0.000,5.750
1999,DC,11,5.750,0.000,1.000,1.000,0.000,5.750,5.750,1,1,5.750,5.750,5.750,5.750,5.750,0.000,5.750
2000,DC,11,5.750,0.000,1.000,1.000,0.000,5.750,5.750,1,1,5.750,5.750,5.750,5.750,5.750,0.000,5.750
2001,DC,11,5.750,0.000,1.000,1.000,0.000,5.750,5.750,1,1,5.750,5.750,5.750,5.750,5.750,0.000,5.750
2002,DC,11,5.750,0.000,1.000,1.000,0.000,0.000,5.750,0,1,0.000,0.000,0.000,5.750,0.000,0.000,0.000
2003,DC,11,5.750,0.000,1.000,1.000,0.000,0.000,5.750,0,1,0.000,0.000,0.000,5.750,0.000,0.000,0.000
2004,DC,11,5.750,0.000,1.000,1.000,0.000,0.000,5.750,0,1,0.000,0.000,0.000,5.750,0.000,0.000,0.000
2005,DC,11,5.750,0.000,1.000,1.000,0.000,0.000,5.750,0,1,0.000,0.000,0.000,5.750,0.000,0.000,0.000
2006,DC,11,5.750,0.000,1.000,1.000,0.000,0.000,5.750,0,1,0.000,0.000,0.000,5.750,0.000,0.000,0.000
2007,DC,11,5.750,0.000,1.000,1.000,0.000,0.000,5.750,0,1,0.000,0.000,0.000,5.750,0.000,0.000,0.000
2008,DC,11,5.750,0.000,1.000,1.000,0.000,0.000,5.750,0,1,0.000,0.000,0.000,5.750,0.000,0.000,0.000
2009,DC,11,5.750,0.000,1.000,1.000,0.000,0.000,5.750,0,1,0.000,0.000,0.000,5.750,0.000,0.000,0.000
2010,DC,11,6.000,0.000,1.000,1.000,0.000,0.000,6.000,0,1,0.000,0.000,0.000,6.000,0.000,0.000,0.000
2011,DC,11,6.000,0.000,1.000,1.000,0.000,6.000,6.000,1,1,0.000,0.000,0.000,6.000,0.000,0.000,0.000
2012,DC,11,6.000,0.000,1.000,1.000,0.000,6.000,6.000,1,1,0.000,0.000,0.000,6.000,0.000,0.000,0.000
2013,DC,11,6.000,0.000,1.000,1.000,0.000,6.000,6.000,1,1,0.000,0.000,0.000,6.000,0.000,0.000,0.000
2014,DC,11,5.750,0.000,1.000,1.000,0.000,5.750,5.750,1,1,0.000,0.000,0.000,5.750,0.000,0.000,0.000
1997,FL,12,6.000,0.000,1.000,0.000,0.000,6.000,6.000,1,1,0.000,6.000,0.000,6.000,0.000,0.000,0.000
1998,FL,12,6.000,0.000,1.000,0.000,0.000,6.000,6.000,1,1,0.000,6.000,0.000,6.000,0.000,0.000,0.000
1999,FL,12,6.000,0.000,1.000,0.000,0.000,6.000,6.000,1,1,0.000,6.000,0.000,6.000,6.000,6.000,0.000
2000,FL,12,6.000,0.000,1.000,0.000,0.000,6.000,6.000,1,1,0.000,6.000,0.000,6.000,6.000,6.000,0.000
2001,FL,12,6.000,0.000,1.000,0.000,0.000,6.000,6.000,1,1,0.000,6.000,0.000,6.000,6.000,6.000,0.000
2002,FL,12,6.000,0.000,1.000,0.000,0.000,6.000,6.000,1,1,0.000,6.000,0.000,6.000,6.000,6.000,0.000
2003,FL,12,6.000,0.000,1.000,0.000,0.000,6.000,6.000,1,1,0.000,6.000,0.000,6.000,6.000,6.000,0.000
2004,FL,12,6.000,0.000,1.000,0.000,0.000,6.000,6.000,1,1,0.000,6.000,0.000,6.000,6.000,6.000,0.000
2005,FL,12,6.000,0.000,1.000,0.000,0.000,6.000,6.000,1,1,0.000,6.000,0.000,6.000,6.000,6.000,0.000
2006,FL,12,6.000,0.000,1.000,0.000,0.000,6.000,6.000,1,1,0.000,6.000,0.000,6.000,6.000,6.000,0.000
2007,FL,12,6.000,0.000,1.000,0.000,0.000,6.000,6.000,1,1,0.000,6.000,0.000,6.000,6.000,6.000,0.000
2008,FL,12,6.000,0.000,1.000,0.000,0.000,6.000,6.000,1,1,0.000,6.000,0.000,6.000,6.000,6.000,0.000
2009,FL,12,6.000,0.000,1.000,0.000,0.000,6.000,6.000,1,1,0.000,6.000,0.000,6.000,6.000,6.000,0.000
2010,FL,12,6.000,0.000,1.000,0.000,0.000,6.000,6.000,1,1,0.000,6.000,0.000,6.000,6.000,6.000,0.000
2011,FL,12,6.000,0.000,1.000,0.000,0.000,6.000,6.000,1,1,0.000,6.000,0.000,6.000,6.000,6.000,0.000
2012,FL,12,6.000,0.000,1.000,0.000,0.000,6.000,6.000,1,1,0.000,6.000,0.000,6.000,6.000,6.000,0.000
2013,FL,12,6.000,0.000,1.000,0.000,0.000,6.000,6.000,1,1,0.000,6.000,0.000,6.000,6.000,6.000,0.000
2014,FL,12,6.000,0.000,1.000,0.000,0.000,6.000,6.000,1,1,0.000,6.000,0.000,6.000,6.000,6.000,0.000
1997,GA,13,4.000,2.000,1.000,0.000,0.000,2.000,4.000,0,1,2.000,2.000,2.000,4.000,2.000,2.000,2.000
1998,GA,13,4.000,1.000,1.000,0.000,0.000,1.000,4.000,0,1,1.000,1.000,1.000,4.000,1.000,1.000,1.000
1999,GA,13,4.000,0.000,1.000,0.000,0.000,0.000,4.000,0,1,0.000,0.000,0.000,4.000,0.000,0.000,0.000
2000,GA,13,4.000,0.000,1.000,0.000,0.000,0.000,4.000,0,1,0.000,0.000,0.000,4.000,0.000,0.000,0.000
2001,GA,13,4.000,0.000,1.000,0.000,0.000,0.000,4.000,0,1,0.000,0.000,0.000,4.000,0.000,0.000,0.000
2002,GA,13,4.000,0.000,1.000,0.000,0.000,0.000,4.000,0,1,0.000,0.000,0.000,4.000,0.000,0.000,0.000
2003,GA,13,4.000,0.000,1.000,0.000,0.000,0.000,4.000,0,1,0.000,0.000,0.000,4.000,0.000,0.000,0.000
2004,GA,13,4.000,0.000,1.000,0.000,0.000,0.000,4.000,0,1,0.000,0.000,0.000,4.000,0.000,0.000,0.000
2005,GA,13,4.000,0.000,1.000,0.000,0.000,0.000,4.000,0,1,0.000,0.000,0.000,4.000,0.000,0.000,0.000
2006,GA,13,4.000,0.000,1.000,0.000,0.000,0.000,4.000,0,1,0.000,0.000,0.000,4.000,0.000,0.000,0.000
2007,GA,13,4.000,0.000,1.000,0.000,0.000,0.000,4.000,0,1,0.000,0.000,0.000,4.000,0.000,0.000,0.000
2008,GA,13,4.000,0.000,1.000,0.000,0.000,0.000,4.000,0,1,0.000,0.000,0.000,4.000,0.000,0.000,0.000
2009,GA,13,4.000,0.000,1.000,0.000,0.000,0.000,4.000,0,1,0.000,0.000,0.000,4.000,0.000,0.000,0.000
2010,GA,13,4.000,0.000,1.000,0.000,0.000,0.000,4.000,0,1,0.000,0.000,0.000,4.000,0.000,0.000,0.000
2011,GA,13,4.000,0.000,1.000,0.000,0.000,0.000,4.000,0,1,0.000,0.000,0.000,4.000,0.000,0.000,0.000
2012,GA,13,4.000,0.000,1.000,0.000,0.000,0.000,4.000,0,1,0.000,0.000,0.000,4.000,0.000,0.000,0.000
2013,GA,13,4.000,0.000,1.000,0.000,0.000,0.000,4.000,0,1,0.000,0.000,0.000,4.000,0.000,0.000,0.000
2014,GA,13,4.000,0.000,1.000,0.000,0.000,0.000,4.000,0,1,0.000,0.000,0.000,4.000,0.000,0.000,0.000
1997,HI,15,4.000,4.000,0.000,0.000,0.000,4.000,4.000,0,0,4.000,4.000,4.000,4.000,4.000,4.000,4.000
1998,HI,15,4.000,4.000,0.000,0.000,0.000,4.000,4.000,0,0,4.000,4.000,4.000,4.000,4.000,4.000,4.000
1999,HI,15,4.000,4.000,0.000,0.000,0.000,4.000,4.000,0,0,4.000,4.000,4.000,4.000,4.000,4.000,4.000
2000,HI,15,4.000,4.000,0.000,0.000,0.000,4.000,4.000,0,0,4.000,4.000,4.000,4.000,4.000,4.000,4.000
2001,HI,15,4.000,4.000,0.000,0.000,0.000,4.000,4.000,0,0,4.000,4.000,4.000,4.000,4.000,4.000,4.000
2002,HI,15,4.000,4.000,0.000,0.000,0.000,4.000,4.000,0,0,4.000,4.000,4.000,4.000,4.000,4.000,4.000
2003,HI,15,4.000,4.000,0.000,0.000,0.000,4.000,4.000,0,0,4.000,4.000,4.000,4.000,4.000,4.000,4.000
2004,HI,15,4.000,4.000,0.000,0.000,0.000,4.000,4.000,0,0,4.000,4.000,4.000,4.000,4.000,4.000,4.000
2005,HI,15,4.000,4.000,0.000,0.000,0.000,4.000,4.000,0,0,4.000,4.000,4.000,4.000,4.000,4.000,4.000
2006,HI,15,4.000,4.000,0.000,0.000,0.000,4.000,4.000,0,0,4.000,4.000,4.000,4.000,4.000,4.000,4.000
2007,HI,15,4.000,4.000,0.000,0.000,0.000,4.000,4.000,0,0,4.000,4.000,4.000,4.000,4.000,4.000,4.000
2008,HI,15,4.000,4.000,0.000,0.000,0.000,4.000,4.000,0,0,4.000,4.000,4.000,4.000,4.000,4.000,4.000
2009,HI,15,4.000,4.000,0.000,0.000,0.000,4.000,4.000,0,0,4.000,4.000,4.000,4.000,4.000,4.000,4.000
2010,HI,15,4.000,4.000,0.000,0.000,0.000,4.000,4.000,0,0,4.000,4.000,4.000,4.000,4.000,4.000,4.000
2011,HI,15,4.000,4.000,0.000,0.000,0.000,4.000,4.000,0,0,4.000,4.000,4.000,4.000,4.000,4.000,4.000
2012,HI,15,4.000,4.000,0.000,0.000,0.000,4.000,4.000,0,0,4.000,4.000,4.000,4.000,4.000,4.000,4.000
2013,HI,15,4.000,4.000,0.000,0.000,0.000,4.000,4.000,0,0,4.000,4.000,4.000,4.000,4.000,4.000,4.000
2014,HI,15,4.000,4.000,0.000,0.000,0.000,4.000,4.000,0,0,4.000,4.000,4.000,4.000,4.000,4.000,4.000
1997,ID,16,5.000,5.000,0.000,0.000,0.000,5.000,5.000,0,0,5.000,5.000,5.000,5.000,5.000,5.000,5.000
1998,ID,16,5.000,5.000,0.000,0.000,0.000,5.000,5.000,0,0,5.000,5.000,5.000,5.000,5.000,5.000,5.000
1999,ID,16,5.000,5.000,0.000,0.000,0.000,5.000,5.000,0,0,5.000,5.000,5.000,5.000,5.000,5.000,5.000
2000,ID,16,5.000,5.000,0.000,0.000,0.000,5.000,5.000,0,0,5.000,5.000,5.000,5.000,5.000,5.000,5.000
2001,ID,16,5.000,5.000,0.000,0.000,0.000,5.000,5.000,0,0,5.000,5.000,5.000,5.000,5.000,5.000,5.000
2002,ID,16,5.000,5.000,0.000,0.000,0.000,5.000,5.000,0,0,5.000,5.000,5.000,5.000,5.000,5.000,5.000
2003,ID,16,5.000,5.000,0.000,0.000,0.000,5.000,5.000,0,0,5.000,5.000,5.000,5.000,5.000,5.000,5.000
2004,ID,16,6.000,6.000,0.000,0.000,0.000,6.000,6.000,0,0,6.000,6.000,6.000,6.000,6.000,6.000,6.000
2005,ID,16,5.000,5.000,0.000,0.000,0.000,6.000,6.000,0,0,5.000,6.000,5.000,5.000,5.000,5.000,5.000
2006,ID,16,5.000,5.000,0.000,0.000,0.000,5.000,5.000,0,0,5.000,5.000,5.000,5.000,5.000,5.000,5.000
2007,ID,16,6.000,6.000,0.000,0.000,0.000,6.000,6.000,0,0,6.000,6.000,6.000,6.000,6.000,6.000,6.000
2008,ID,16,6.000,6.000,0.000,0.000,0.000,6.000,6.000,0,0,6.000,6.000,6.000,6.000,6.000,6.000,6.000
2009,ID,16,6.000,6.000,0.000,0.000,0.000,6.000,6.000,0,0,6.000,6.000,6.000,6.000,6.000,6.000,6.000
2010,ID,16,6.000,6.000,0.000,0.000,0.000,6.000,6.000,0,0,6.000,6.000,6.000,6.000,6.000,6.000,6.000
2011,ID,16,6.000,6.000,0.000,0.000,0.000,6.000,6.000,0,0,6.000,6.000,6.000,6.000,6.000,6.000,6.000
2012,ID,16,6.000,6.000,0.000,0.000,0.000,6.000,6.000,0,0,6.000,6.000,6.000,6.000,6.000,6.000,6.000
2013,ID,16,6.000,6.000,0.000,0.000,0.000,6.000,6.000,0,0,6.000,6.000,6.000,6.000,6.000,6.000,6.000
2014,ID,16,6.000,6.000,0.000,0.000,0.000,6.000,6.000,0,0,6.000,6.000,6.000,6.000,6.000,6.000,6.000
1997,IL,17,6.250,1.000,1.000,0.000,0.000,6.250,6.250,1,1,1.000,1.000,1.000,1.000,1.000,1.000,1.000
1998,IL,17,6.250,1.000,1.000,0.000,0.000,6.250,6.250,1,1,1.000,1.000,1.000,1.000,1.000,1.000,1.000
1999,IL,17,6.250,1.000,1.000,0.000,0.000,6.250,6.250,1,1,1.000,1.000,1.000,1.000,1.000,1.000,1.000
2000,IL,17,6.250,1.000,1.000,0.000,0.000,6.250,6.250,1,1,1.000,1.000,1.000,1.000,1.000,1.000,1.000
2001,IL,17,6.250,1.000,1.000,0.000,0.000,6.250,6.250,1,1,1.000,1.000,1.000,1.000,1.000,1.000,1.000
2002,IL,17,6.250,1.000,1.000,0.000,0.000,6.250,6.250,1,1,1.000,1.000,1.000,1.000,1.000,1.000,1.000
2003,IL,17,6.250,1.000,1.000,0.000,0.000,6.250,6.250,1,1,1.000,1.000,1.000,1.000,1.000,1.000,1.000
2004,IL,17,6.250,1.000,1.000,0.000,0.000,6.250,6.250,1,1,1.000,1.000,1.000,1.000,1.000,1.000,1.000
2005,IL,17,6.250,1.000,1.000,0.000,0.000,6.250,6.250,1,1,1.000,1.000,1.000,1.000,1.000,1.000,1.000
2006,IL,17,6.250,1.000,1.000,0.000,0.000,6.250,6.250,1,1,1.000,1.000,1.000,1.000,1.000,1.000,1.000
2007,IL,17,6.250,1.000,1.000,0.000,0.000,6.250,6.250,1,1,1.000,1.000,1.000,1.000,1.000,1.000,1.000
2008,IL,17,6.250,1.000,1.000,0.000,0.000,6.250,6.250,1,1,1.000,1.000,1.000,1.000,1.000,1.000,1.000
2009,IL,17,6.250,1.000,1.000,0.000,0.000,6.250,6.250,1,1,1.000,1.000,1.000,1.000,1.000,1.000,1.000
2010,IL,17,6.250,1.000,1.000,0.000,0.000,6.250,6.250,1,1,1.000,6.250,6.250,1.000,1.000,1.000,1.000
2011,IL,17,6.250,1.000,1.000,0.000,0.000,6.250,6.250,1,1,1.000,6.250,6.250,1.000,1.000,1.000,1.000
2012,IL,17,6.250,1.000,1.000,0.000,0.000,6.250,6.250,1,1,1.000,6.250,6.250,1.000,1.000,1.000,1.000
2013,IL,17,6.250,1.000,1.000,0.000,0.000,6.250,6.250,1,1,1.000,6.250,6.250,1.000,1.000,1.000,1.000
2014,IL,17,6.250,1.000,1.000,0.000,0.000,6.250,6.250,1,1,1.000,6.250,6.250,1.000,1.000,1.000,1.000
1997,IN,18,5.000,0.000,1.000,1.000,0.000,5.000,5.000,1,1,0.000,5.000,5.000,5.000,0.000,0.000,0.000
1998,IN,18,5.000,0.000,1.000,1.000,0.000,5.000,5.000,1,1,0.000,5.000,5.000,5.000,0.000,0.000,0.000
1999,IN,18,5.000,0.000,1.000,1.000,0.000,5.000,5.000,1,1,0.000,5.000,5.000,5.000,0.000,0.000,0.000
2000,IN,18,5.000,0.000,1.000,1.000,0.000,5.000,5.000,1,1,0.000,5.000,5.000,5.000,0.000,0.000,0.000
2001,IN,18,5.000,0.000,1.000,1.000,0.000,5.000,5.000,1,1,0.000,5.000,5.000,5.000,0.000,0.000,0.000
2002,IN,18,5.000,0.000,1.000,1.000,0.000,5.000,5.000,1,1,0.000,5.000,5.000,5.000,0.000,0.000,0.000
2003,IN,18,6.000,0.000,1.000,1.000,0.000,6.000,6.000,1,1,0.000,6.000,6.000,6.000,0.000,0.000,0.000
2004,IN,18,6.000,0.000,1.000,1.000,0.000,6.000,6.000,1,1,0.000,6.000,6.000,6.000,0.000,0.000,0.000
2005,IN,18,6.000,0.000,1.000,1.000,0.000,6.000,6.000,1,1,0.000,6.000,6.000,6.000,0.000,0.000,0.000
2006,IN,18,6.000,0.000,1.000,1.000,0.000,6.000,6.000,1,1,0.000,6.000,6.000,6.000,0.000,0.000,0.000
2007,IN,18,6.000,0.000,1.000,1.000,0.000,6.000,6.000,1,1,0.000,6.000,6.000,6.000,0.000,0.000,0.000
2008,IN,18,6.000,0.000,1.000,1.000,0.000,6.000,6.000,1,1,0.000,6.000,6.000,6.000,0.000,0.000,0.000
2009,IN,18,7.000,0.000,1.000,1.000,0.000,7.000,7.000,1,1,0.000,7.000,7.000,7.000,0.000,0.000,0.000
2010,IN,18,7.000,0.000,1.000,1.000,0.000,7.000,7.000,1,1,0.000,7.000,7.000,7.000,0.000,0.000,0.000
2011,IN,18,7.000,0.000,1.000,1.000,0.000,7.000,7.000,1,1,0.000,7.000,7.000,7.000,0.000,0.000,0.000
2012,IN,18,7.000,0.000,1.000,1.000,0.000,7.000,7.000,1,1,0.000,7.000,7.000,7.000,0.000,0.000,0.000
2013,IN,18,7.000,0.000,1.000,1.000,0.000,7.000,7.000,1,1,0.000,7.000,7.000,7.000,0.000,0.000,0.000
2014,IN,18,7.000,0.000,1.000,1.000,0.000,7.000,7.000,1,1,0.000,7.000,7.000,7.000,0.000,0.000,0.000
1997,IA,19,5.000,0.000,1.000,1.000,0.000,5.000,5.000,1,1,0.000,5.000,5.000,5.000,0.000,0.000,0.000
1998,IA,19,5.000,0.000,1.000,1.000,0.000,5.000,5.000,1,1,0.000,5.000,5.000,5.000,0.000,0.000,0.000
1999,IA,19,5.000,0.000,1.000,1.000,0.000,5.000,5.000,1,1,0.000,5.000,5.000,5.000,0.000,0.000,0.000
2000,IA,19,5.000,0.000,1.000,1.000,0.000,5.000,5.000,1,1,0.000,5.000,5.000,5.000,0.000,0.000,0.000
2001,IA,19,5.000,0.000,1.000,1.000,0.000,5.000,5.000,1,1,0.000,5.000,5.000,5.000,0.000,0.000,0.000
2002,IA,19,5.000,0.000,1.000,1.000,0.000,5.000,5.000,1,1,0.000,5.000,5.000,5.000,0.000,0.000,0.000
2003,IA,19,5.000,0.000,1.000,1.000,0.000,5.000,5.000,1,1,0.000,5.000,5.000,5.000,0.000,0.000,0.000
2004,IA,19,5.000,0.000,1.000,1.000,0.000,5.000,5.000,1,1,0.000,5.000,5.000,5.000,0.000,0.000,0.000
2005,IA,19,5.000,0.000,1.000,1.000,0.000,5.000,5.000,1,1,0.000,5.000,5.000,5.000,0.000,0.000,0.000
2006,IA,19,5.000,0.000,1.000,1.000,0.000,5.000,5.000,1,1,0.000,5.000,5.000,5.000,0.000,0.000,0.000
2007,IA,19,5.000,0.000,1.000,1.000,0.000,5.000,5.000,1,1,0.000,5.000,5.000,5.000,0.000,0.000,0.000
2008,IA,19,5.000,0.000,1.000,1.000,0.000,5.000,5.000,1,1,0.000,5.000,5.000,5.000,0.000,0.000,0.000
2009,IA,19,6.000,0.000,1.000,1.000,0.000,6.000,6.000,1,1,0.000,6.000,6.000,6.000,0.000,0.000,0.000
2010,IA,19,6.000,0.000,1.000,1.000,0.000,6.000,6.000,1,1,0.000,6.000,6.000,6.000,0.000,0.000,0.000
2011,IA,19,6.000,0.000,1.000,1.000,0.000,6.000,6.000,1,1,0.000,6.000,6.000,6.000,0.000,0.000,0.000
2012,IA,19,6.000,0.000,1.000,1.000,0.000,6.000,6.000,1,1,0.000,6.000,6.000,6.000,0.000,0.000,0.000
2013,IA,19,6.000,0.000,1.000,1.000,0.000,6.000,6.000,1,1,0.000,6.000,6.000,6.000,0.000,0.000,0.000
2014,IA,19,6.000,0.000,1.000,1.000,0.000,6.000,6.000,1,1,0.000,6.000,6.000,6.000,0.000,0.000,0.000
1997,KS,20,4.900,4.900,0.000,0.000,0.000,5.300,5.300,0,0,4.900,4.900,4.900,4.900,4.900,4.900,4.900
1998,KS,20,4.900,4.900,0.000,0.000,0.000,4.900,4.900,0,0,4.900,4.900,4.900,4.900,4.900,4.900,4.900
1999,KS,20,4.900,4.900,0.000,0.000,0.000,4.900,4.900,0,0,4.900,4.900,4.900,4.900,4.900,4.900,4.900
2000,KS,20,4.900,4.900,0.000,0.000,0.000,4.900,4.900,0,0,4.900,4.900,4.900,4.900,4.900,4.900,4.900
2001,KS,20,4.900,4.900,0.000,0.000,0.000,4.900,4.900,0,0,4.900,4.900,4.900,4.900,4.900,4.900,4.900
2002,KS,20,4.900,4.900,0.000,0.000,0.000,4.900,4.900,0,0,4.900,4.900,4.900,4.900,4.900,4.900,4.900
2003,KS,20,5.300,5.300,0.000,0.000,0.000,5.300,5.300,0,0,5.300,5.300,5.300,5.300,5.300,5.300,5.300
2004,KS,20,5.300,5.300,0.000,0.000,0.000,5.300,5.300,0,0,5.300,5.300,5.300,5.300,5.300,5.300,5.300
2005,KS,20,5.300,5.300,0.000,0.000,0.000,5.300,5.300,0,0,5.300,5.300,5.300,5.300,5.300,5.300,5.300
2006,KS,20,5.300,5.300,0.000,0.000,0.000,5.300,5.300,0,0,5.300,5.300,5.300,5.300,5.300,5.300,5.300
2007,KS,20,5.300,5.300,0.000,0.000,0.000,5.300,5.300,0,0,5.300,5.300,5.300,5.300,5.300,5.300,5.300
2008,KS,20,5.300,5.300,0.000,0.000,0.000,5.300,5.300,0,0,5.300,5.300,5.300,5.300,5.300,5.300,5.300
2009,KS,20,5.300,5.300,0.000,0.000,0.000,5.300,5.300,0,0,5.300,5.300,5.300,5.300,5.300,5.300,5.300
2010,KS,20,5.300,5.300,0.000,0.000,0.000,5.300,5.300,0,0,5.300,5.300,5.300,5.300,5.300,5.300,5.300
2011,KS,20,6.300,6.300,0.000,0.000,0.000,6.300,6.300,0,0,6.300,6.300,6.300,6.300,6.300,6.300,6.300
2012,KS,20,6.300,6.300,0.000,0.000,0.000,6.300,6.300,0,0,6.300,6.300,6.300,6.300,6.300,6.300,6.300
2013,KS,20,6.300,6.300,0.000,0.000,0.000,6.300,6.300,0,0,6.300,6.300,6.300,6.300,6.300,6.300,6.300
2014,KS,20,6.150,6.150,0.000,0.000,0.000,6.150,6.150,0,0,6.150,6.150,6.150,6.150,6.150,6.150,6.150
1997,KY,21,6.000,0.000,1.000,1.000,0.000,6.000,6.000,1,1,0.000,6.000,6.000,6.000,0.000,0.000,0.000
1998,KY,21,6.000,0.000,1.000,1.000,0.000,6.000,6.000,1,1,0.000,6.000,6.000,6.000,0.000,0.000,0.000
1999,KY,21,6.000,0.000,1.000,1.000,0.000,6.000,6.000,1,1,0.000,6.000,6.000,6.000,0.000,0.000,0.000
2000,KY,21,6.000,0.000,1.000,1.000,0.000,6.000,6.000,1,1,0.000,6.000,6.000,6.000,0.000,0.000,0.000
2001,KY,21,6.000,0.000,1.000,1.000,0.000,6.000,6.000,1,1,0.000,6.000,6.000,6.000,0.000,0.000,0.000
2002,KY,21,6.000,0.000,1.000,1.000,0.000,6.000,6.000,1,1,0.000,6.000,6.000,6.000,0.000,0.000,0.000
2003,KY,21,6.000,0.000,1.000,1.000,0.000,6.000,6.000,1,1,0.000,6.000,6.000,6.000,0.000,0.000,0.000
2004,KY,21,6.000,0.000,1.000,1.000,0.000,6.000,6.000,1,1,0.000,6.000,6.000,6.000,0.000,0.000,0.000
2005,KY,21,6.000,0.000,1.000,1.000,0.000,6.000,6.000,1,1,0.000,6.000,6.000,6.000,0.000,0.000,0.000
2006,KY,21,6.000,0.000,1.000,1.000,0.000,6.000,6.000,1,1,0.000,6.000,6.000,6.000,0.000,0.000,0.000
2007,KY,21,6.000,0.000,1.000,1.000,0.000,6.000,6.000,1,1,0.000,6.000,6.000,6.000,0.000,0.000,0.000
2008,KY,21,6.000,0.000,1.000,1.000,0.000,6.000,6.000,1,1,0.000,6.000,6.000,6.000,0.000,0.000,0.000
2009,KY,21,6.000,0.000,1.000,1.000,0.000,6.000,6.000,1,1,0.000,6.000,6.000,6.000,0.000,0.000,0.000
2010,KY,21,6.000,0.000,1.000,1.000,0.000,6.000,6.000,1,1,0.000,6.000,6.000,6.000,0.000,0.000,0.000
2011,KY,21,6.000,0.000,1.000,1.000,0.000,6.000,6.000,1,1,0.000,6.000,6.000,6.000,0.000,0.000,0.000
2012,KY,21,6.000,0.000,1.000,1.000,0.000,6.000,6.000,1,1,0.000,6.000,6.000,6.000,0.000,0.000,0.000
2013,KY,21,6.000,0.000,1.000,1.000,0.000,6.000,6.000,1,1,0.000,6.000,6.000,6.000,0.000,0.000,0.000
2014,KY,21,6.000,0.000,1.000,1.000,0.000,6.000,6.000,1,1,0.000,6.000,6.000,6.000,0.000,0.000,0.000
1997,LA,22,4.000,3.000,1.000,0.000,0.000,3.000,3.000,0,0,4.000,3.000,3.000,3.000,3.000,3.000,3.000
1998,LA,22,4.000,3.000,1.000,0.000,0.000,3.000,3.000,0,0,4.000,3.000,3.000,3.000,3.000,3.000,3.000
1999,LA,22,4.000,3.000,1.000,0.000,0.000,3.000,3.000,0,0,4.000,3.000,3.000,3.000,3.000,3.000,3.000
2000,LA,22,4.000,3.000,1.000,0.000,0.000,3.000,3.000,0,0,4.000,3.000,3.000,3.000,3.000,3.000,3.000
2001,LA,22,4.000,0.000,1.000,0.000,0.000,0.000,0.000,0,0,4.000,0.000,0.000,0.000,0.000,0.000,0.000
2002,LA,22,4.000,0.000,1.000,0.000,0.000,0.000,0.000,0,0,4.000,0.000,0.000,0.000,0.000,0.000,0.000
2003,LA,22,4.000,0.000,1.000,0.000,0.000,0.000,0.000,0,0,4.000,0.000,0.000,0.000,0.000,0.000,0.000
2004,LA,22,4.000,0.000,1.000,0.000,0.000,0.000,0.000,0,0,4.000,0.000,0.000,0.000,0.000,0.000,0.000
2005,LA,22,4.000,0.000,1.000,0.000,0.000,0.000,0.000,0,0,4.000,0.000,0.000,0.000,0.000,0.000,0.000
2006,LA,22,4.000,0.000,1.000,0.000,0.000,0.000,0.000,0,0,4.000,0.000,0.000,0.000,0.000,0.000,0.000
2007,LA,22,4.000,0.000,1.000,0.000,0.000,0.000,0.000,0,0,4.000,0.000,0.000,0.000,0.000,0.000,0.000
2008,LA,22,4.000,0.000,1.000,0.000,0.000,0.000,0.000,0,0,4.000,0.000,0.000,0.000,0.000,0.000,0.000
2009,LA,22,4.000,0.000,1.000,0.000,0.000,0.000,0.000,0,0,4.000,0.000,0.000,0.000,0.000,0.000,0.000
2010,LA,22,4.000,0.000,1.000,0.000,0.000,0.000,0.000,0,0,4.000,0.000,0.000,0.000,0.000,0.000,0.000
2011,LA,22,4.000,0.000,1.000,0.000,0.000,0.000,0.000,0,0,4.000,0.000,0.000,0.000,0.000,0.000,0.000
2012,LA,22,4.000,0.000,1.000,0.000,0.000,0.000,0.000,0,0,4.000,0.000,0.000,0.000,0.000,0.000,0.000
2013,LA,22,4.000,0.000,1.000,0.000,0.000,0.000,0.000,0,0,4.000,0.000,0.000,0.000,0.000,0.000,0.000
2014,LA,22,4.000,0.000,1.000,0.000,0.000,0.000,0.000,0,0,4.000,0.000,0.000,0.000,0.000,0.000,0.000
1997,ME,23,6.000,0.000,1.000,1.000,0.000,6.000,6.000,1,1,5.000,6.000,6.000,6.000,6.000,6.000,6.000
1998,ME,23,6.000,0.000,1.000,1.000,0.000,6.000,6.000,1,1,5.000,6.000,6.000,6.000,6.000,6.000,6.000
1999,ME,23,6.000,0.000,1.000,1.000,0.000,6.000,6.000,1,1,5.000,6.000,6.000,6.000,6.000,6.000,6.000
2000,ME,23,5.500,0.000,1.000,1.000,0.000,5.500,5.500,1,1,5.000,5.500,5.500,5.500,5.500,5.500,5.500
2001,ME,23,5.000,0.000,1.000,1.000,0.000,5.000,5.000,1,1,5.000,5.000,5.000,5.000,0.000,0.000,0.000
2002,ME,23,5.000,0.000,1.000,1.000,0.000,5.000,5.000,1,1,5.000,5.000,5.000,5.000,0.000,0.000,0.000
2003,ME,23,5.000,0.000,1.000,1.000,0.000,5.000,5.000,1,1,5.000,5.000,5.000,5.000,0.000,0.000,0.000
2004,ME,23,5.000,0.000,1.000,1.000,0.000,5.000,5.000,1,1,5.000,5.000,5.000,5.000,0.000,0.000,0.000
2005,ME,23,5.000,0.000,1.000,1.000,0.000,5.000,5.000,1,1,5.000,5.000,5.000,5.000,0.000,0.000,0.000
2006,ME,23,5.000,0.000,1.000,1.000,0.000,5.000,5.000,1,1,5.000,5.000,5.000,5.000,0.000,0.000,0.000
2007,ME,23,5.000,0.000,1.000,1.000,0.000,5.000,5.000,1,1,5.000,5.000,5.000,5.000,0.000,0.000,0.000
2008,ME,23,5.000,0.000,1.000,1.000,0.000,5.000,5.000,1,1,5.000,5.000,5.000,5.000,0.000,0.000,0.000
2009,ME,23,5.000,0.000,1.000,1.000,0.000,5.000,5.000,1,1,5.000,5.000,5.000,5.000,0.000,0.000,0.000
2010,ME,23,5.000,0.000,1.000,1.000,0.000,5.000,5.000,1,1,5.000,5.000,5.000,5.000,0.000,0.000,0.000
2011,ME,23,5.000,0.000,1.000,1.000,0.000,5.000,5.000,1,1,5.000,5.000,5.000,5.000,0.000,0.000,0.000
2012,ME,23,5.000,0.000,1.000,1.000,0.000,5.000,5.000,1,1,5.000,5.000,5.000,5.000,0.000,0.000,0.000
2013,ME,23,5.000,0.000,1.000,1.000,0.000,5.000,5.000,1,1,5.000,5.000,5.000,5.000,0.000,0.000,0.000
2014,ME,23,5.500,0.000,1.000,1.000,0.000,5.500,5.500,1,1,5.500,5.500,5.500,5.500,0.000,0.000,0.000
1997,MD,24,5.000,0.000,1.000,1.000,0.000,5.000,5.000,1,1,6.000,5.000,5.000,0.000,5.000,5.000,0.000
1998,MD,24,5.000,0.000,1.000,1.000,0.000,5.000,5.000,1,1,6.000,5.000,5.000,0.000,5.000,5.000,0.000
1999,MD,24,5.000,0.000,1.000,1.000,0.000,5.000,5.000,1,1,6.000,5.000,5.000,0.000,5.000,5.000,0.000
2000,MD,24,5.000,0.000,1.000,1.000,0.000,5.000,5.000,1,1,6.000,5.000,5.000,0.000,5.000,5.000,0.000
2001,MD,24,5.000,0.000,1.000,1.000,0.000,5.000,5.000,1,1,6.000,5.000,5.000,0.000,5.000,5.000,0.000
2002,MD,24,5.000,0.000,1.000,1.000,0.000,5.000,5.000,1,1,6.000,5.000,5.000,0.000,5.000,5.000,0.000
2003,MD,24,5.000,0.000,1.000,1.000,0.000,5.000,5.000,1,1,6.000,5.000,5.000,0.000,5.000,5.000,0.000
2004,MD,24,5.000,0.000,1.000,1.000,0.000,5.000,5.000,1,1,6.000,5.000,5.000,0.000,5.000,5.000,0.000
2005,MD,24,5.000,0.000,1.000,1.000,0.000,5.000,5.000,1,1,6.000,5.000,5.000,0.000,5.000,5.000,0.000
2006,MD,24,5.000,0.000,1.000,1.000,0.000,5.000,5.000,1,1,6.000,5.000,5.000,0.000,5.000,5.000,0.000
2007,MD,24,5.000,0.000,1.000,1.000,0.000,5.000,5.000,1,1,6.000,5.000,5.000,0.000,5.000,5.000,0.000
2008,MD,24,6.000,0.000,1.000,1.000,0.000,6.000,6.000,1,1,6.000,6.000,6.000,0.000,6.000,6.000,0.000
2009,MD,24,6.000,0.000,1.000,1.000,0.000,6.000,6.000,1,1,6.000,6.000,6.000,0.000,6.000,6.000,0.000
2010,MD,24,6.000,0.000,1.000,1.000,0.000,6.000,6.000,1,1,6.000,6.000,6.000,0.000,6.000,6.000,0.000
2011,MD,24,6.000,0.000,1.000,1.000,0.000,6.000,6.000,1,1,6.000,6.000,6.000,0.000,6.000,6.000,0.000
2012,MD,24,6.000,0.000,1.000,1.000,0.000,6.000,6.000,1,1,6.000,6.000,6.000,0.000,6.000,6.000,0.000
2013,MD,24,6.000,0.000,1.000,1.000,0.000,6.000,6.000,1,1,6.000,6.000,6.000,0.000,6.000,6.000,0.000
2014,MD,24,6.000,0.000,1.000,1.000,0.000,6.000,6.000,1,1,6.000,6.000,6.000,0.000,6.000,6.000,0.000
1997,MA,25,5.000,0.000,1.000,0.000,0.000,0.000,0.000,0,0,0.000,0.000,0.000,0.000,0.000,0.000,0.000
1998,MA,25,5.000,0.000,1.000,0.000,0.000,0.000,0.000,0,0,0.000,0.000,0.000,0.000,0.000,0.000,0.000
1999,MA,25,5.000,0.000,1.000,0.000,0.000,0.000,0.000,0,0,0.000,0.000,0.000,0.000,0.000,0.000,0.000
2000,MA,25,5.000,0.000,1.000,0.000,0.000,0.000,0.000,0,0,0.000,0.000,0.000,0.000,0.000,0.000,0.000
2001,MA,25,5.000,0.000,1.000,0.000,0.000,0.000,0.000,0,0,0.000,0.000,0.000,0.000,0.000,0.000,0.000
2002,MA,25,5.000,0.000,1.000,0.000,0.000,0.000,0.000,0,0,0.000,0.000,0.000,0.000,0.000,0.000,0.000
2003,MA,25,5.000,0.000,1.000,0.000,0.000,0.000,0.000,0,0,0.000,0.000,0.000,0.000,0.000,0.000,0.000
2004,MA,25,5.000,0.000,1.000,0.000,0.000,0.000,0.000,0,0,0.000,0.000,0.000,0.000,0.000,0.000,0.000
2005,MA,25,5.000,0.000,1.000,0.000,0.000,0.000,0.000,0,0,0.000,0.000,0.000,0.000,0.000,0.000,0.000
2006,MA,25,5.000,0.000,1.000,0.000,0.000,0.000,0.000,0,0,0.000,0.000,0.000,0.000,0.000,0.000,0.000
2007,MA,25,5.000,0.000,1.000,0.000,0.000,0.000,0.000,0,0,0.000,0.000,0.000,0.000,0.000,0.000,0.000
2008,MA,25,5.000,0.000,1.000,0.000,0.000,0.000,0.000,0,0,0.000,0.000,0.000,0.000,0.000,0.000,0.000
2009,MA,25,5.000,0.000,1.000,0.000,0.000,0.000,0.000,0,0,0.000,0.000,0.000,0.000,0.000,0.000,0.000
2010,MA,25,6.250,0.000,1.000,0.000,0.000,0.000,0.000,0,0,0.000,0.000,0.000,0.000,0.000,0.000,0.000
2011,MA,25,6.250,0.000,1.000,0.000,0.000,0.000,0.000,0,0,0.000,0.000,0.000,0.000,0.000,0.000,0.000
2012,MA,25,6.250,0.000,1.000,0.000,0.000,0.000,0.000,0,0,0.000,0.000,0.000,0.000,0.000,0.000,0.000
2013,MA,25,6.250,0.000,1.000,0.000,0.000,0.000,0.000,0,0,0.000,0.000,0.000,0.000,0.000,0.000,0.000
2014,MA,25,6.250,0.000,1.000,0.000,0.000,0.000,0.000,0,0,0.000,0.000,0.000,0.000,0.000,0.000,0.000
1997,MI,26,6.000,0.000,1.000,0.000,0.000,0.000,6.000,0,1,0.000,0.000,0.000,0.000,0.000,0.000,0.000
1998,MI,26,6.000,0.000,1.000,0.000,0.000,0.000,6.000,0,1,0.000,0.000,0.000,0.000,0.000,0.000,0.000
1999,MI,26,6.000,0.000,1.000,0.000,0.000,0.000,6.000,0,1,0.000,0.000,0.000,0.000,0.000,0.000,0.000
2000,MI,26,6.000,0.000,1.000,0.000,0.000,0.000,6.000,0,1,0.000,0.000,0.000,0.000,0.000,0.000,0.000
2001,MI,26,6.000,0.000,1.000,0.000,0.000,0.000,0.000,0,0,0.000,0.000,0.000,0.000,0.000,0.000,0.000
2002,MI,26,6.000,0.000,1.000,0.000,0.000,0.000,0.000,0,0,0.000,0.000,0.000,0.000,0.000,0.000,0.000
2003,MI,26,6.000,0.000,1.000,0.000,0.000,0.000,0.000,0,0,0.000,0.000,0.000,0.000,0.000,0.000,0.000
2004,MI,26,6.000,0.000,1.000,0.000,0.000,0.000,0.000,0,0,0.000,0.000,0.000,0.000,0.000,0.000,0.000
2005,MI,26,6.000,0.000,1.000,0.000,0.000,0.000,0.000,0,0,0.000,0.000,0.000,0.000,0.000,0.000,0.000
2006,MI,26,6.000,0.000,1.000,0.000,0.000,0.000,0.000,0,0,0.000,0.000,0.000,0.000,0.000,0.000,0.000
2007,MI,26,6.000,0.000,1.000,0.000,0.000,0.000,0.000,0,0,0.000,0.000,0.000,0.000,0.000,0.000,0.000
2008,MI,26,6.000,0.000,1.000,0.000,0.000,0.000,0.000,0,0,0.000,0.000,0.000,0.000,0.000,0.000,0.000
2009,MI,26,6.000,0.000,1.000,0.000,0.000,0.000,0.000,0,0,0.000,0.000,0.000,0.000,0.000,0.000,0.000
2010,MI,26,6.000,0.000,1.000,0.000,0.000,0.000,0.000,0,0,0.000,0.000,0.000,0.000,0.000,0.000,0.000
2011,MI,26,6.000,0.000,1.000,0.000,0.000,0.000,0.000,0,0,0.000,0.000,0.000,0.000,0.000,0.000,0.000
2012,MI,26,6.000,0.000,1.000,0.000,0.000,0.000,0.000,0,0,0.000,0.000,0.000,0.000,0.000,0.000,0.000
2013,MI,26,6.000,0.000,1.000,0.000,0.000,0.000,0.000,0,0,0.000,0.000,0.000,0.000,0.000,0.000,0.000
2014,MI,26,6.000,0.000,1.000,0.000,0.000,0.000,0.000,0,0,0.000,0.000,0.000,0.000,0.000,0.000,0.000
1997,MN,27,6.500,0.000,1.000,1.000,0.000,6.500,6.500,1,1,0.000,6.500,6.500,6.500,0.000,0.000,0.000
1998,MN,27,6.500,0.000,1.000,1.000,0.000,6.500,6.500,1,1,0.000,6.500,6.500,6.500,0.000,0.000,0.000
1999,MN,27,6.500,0.000,1.000,1.000,0.000,6.500,6.500,1,1,0.000,6.500,6.500,6.500,0.000,0.000,0.000
2000,MN,27,6.500,0.000,1.000,1.000,0.000,6.500,6.500,1,1,0.000,6.500,6.500,6.500,0.000,0.000,0.000
2001,MN,27,6.500,0.000,1.000,1.000,0.000,6.500,6.500,1,1,0.000,6.500,6.500,6.500,0.000,0.000,0.000
2002,MN,27,6.500,0.000,1.000,1.000,0.000,6.500,6.500,1,1,0.000,6.500,6.500,6.500,0.000,0.000,0.000
2003,MN,27,6.500,0.000,1.000,1.000,0.000,6.500,6.500,1,1,0.000,6.500,6.500,6.500,0.000,0.000,0.000
2004,MN,27,6.500,0.000,1.000,1.000,0.000,6.500,6.500,1,1,0.000,6.500,6.500,6.500,0.000,0.000,0.000
2005,MN,27,6.500,0.000,1.000,1.000,0.000,6.500,6.500,1,1,0.000,6.500,6.500,6.500,0.000,0.000,0.000
2006,MN,27,6.500,0.000,1.000,1.000,0.000,6.500,6.500,1,1,0.000,6.500,6.500,6.500,0.000,0.000,0.000
2007,MN,27,6.500,0.000,1.000,1.000,0.000,6.500,6.500,1,1,0.000,6.500,6.500,6.500,0.000,0.000,0.000
2008,MN,27,6.500,0.000,1.000,1.000,0.000,6.500,6.500,1,1,0.000,6.500,6.500,6.500,0.000,0.000,0.000
2009,MN,27,6.500,0.000,1.000,1.000,0.000,6.500,6.500,1,1,0.000,6.500,6.500,6.500,0.000,0.000,0.000
2010,MN,27,6.875,0.000,1.000,1.000,0.000,6.875,6.875,1,1,0.000,6.875,6.875,6.875,0.000,0.000,0.000
2011,MN,27,6.875,0.000,1.000,1.000,0.000,6.875,6.875,1,1,0.000,6.875,6.875,6.875,0.000,0.000,0.000
2012,MN,27,6.875,0.000,1.000,1.000,0.000,6.875,6.875,1,1,0.000,6.875,6.875,6.875,0.000,0.000,0.000
2013,MN,27,6.875,0.000,1.000,1.000,0.000,6.875,6.875,1,1,0.000,6.875,6.875,6.875,0.000,0.000,0.000
2014,MN,27,6.875,0.000,1.000,1.000,0.000,6.875,6.875,1,1,0.000,6.875,6.875,6.875,0.000,0.000,0.000
1997,MS,28,7.000,7.000,0.000,0.000,0.000,7.000,8.000,0,1,7.000,7.000,7.000,8.000,7.000,7.000,7.000
1998,MS,28,7.000,7.000,0.000,0.000,0.000,7.000,8.000,0,1,7.000,7.000,7.000,8.000,7.000,7.000,7.000
1999,MS,28,7.000,7.000,0.000,0.000,0.000,7.000,8.000,0,1,7.000,7.000,7.000,8.000,7.000,7.000,7.000
2000,MS,28,7.000,7.000,0.000,0.000,0.000,7.000,8.000,0,1,7.000,7.000,7.000,8.000,7.000,7.000,7.000
2001,MS,28,7.000,7.000,0.000,0.000,0.000,7.000,8.000,0,1,7.000,7.000,7.000,8.000,7.000,7.000,7.000
2002,MS,28,7.000,7.000,0.000,0.000,0.000,7.000,8.000,0,1,7.000,7.000,7.000,8.000,7.000,7.000,7.000
2003,MS,28,7.000,7.000,0.000,0.000,0.000,7.000,8.000,0,1,7.000,7.000,7.000,8.000,7.000,7.000,7.000
2004,MS,28,7.000,7.000,0.000,0.000,0.000,7.000,8.000,0,1,7.000,7.000,7.000,8.000,7.000,7.000,7.000
2005,MS,28,7.000,7.000,0.000,0.000,0.000,7.000,8.000,0,1,7.000,7.000,7.000,8.000,7.000,7.000,7.000
2006,MS,28,7.000,7.000,0.000,0.000,0.000,7.000,8.000,0,1,7.000,7.000,7.000,8.000,7.000,7.000,7.000
2007,MS,28,7.000,7.000,0.000,0.000,0.000,7.000,8.000,0,1,7.000,7.000,7.000,8.000,7.000,7.000,7.000
2008,MS,28,7.000,7.000,0.000,0.000,0.000,7.000,8.000,0,1,7.000,7.000,7.000,8.000,7.000,7.000,7.000
2009,MS,28,7.000,7.000,0.000,0.000,0.000,7.000,8.000,0,1,7.000,7.000,7.000,8.000,7.000,7.000,7.000
2010,MS,28,7.000,7.000,0.000,0.000,0.000,7.000,8.000,0,1,7.000,7.000,7.000,8.000,7.000,7.000,7.000
2011,MS,28,7.000,7.000,0.000,0.000,0.000,7.000,8.000,0,1,7.000,7.000,7.000,8.000,7.000,7.000,7.000
2012,MS,28,7.000,7.000,0.000,0.000,0.000,7.000,8.000,0,1,7.000,7.000,7.000,8.000,7.000,7.000,7.000
2013,MS,28,7.000,7.000,0.000,0.000,0.000,7.000,8.000,0,1,7.000,7.000,7.000,8.000,7.000,7.000,7.000
2014,MS,28,7.000,7.000,0.000,0.000,0.000,7.000,8.000,0,1,7.000,7.000,7.000,8.000,7.000,7.000,7.000
1997,MO,29,4.225,4.225,0.000,0.000,1.000,4.225,4.225,0,0,4.225,4.225,4.225,4.225,4.225,4.225,4.225
1998,MO,29,4.225,1.225,1.000,0.000,1.000,1.225,1.225,0,0,1.225,1.225,1.225,1.225,1.225,1.225,1.225
1999,MO,29,4.225,1.225,1.000,0.000,1.000,1.225,1.225,0,0,1.225,1.225,1.225,1.225,1.225,1.225,1.225
2000,MO,29,4.225,1.225,1.000,0.000,1.000,1.225,1.225,0,0,1.225,1.225,1.225,1.225,1.225,1.225,1.225
2001,MO,29,4.225,1.225,1.000,0.000,1.000,1.225,1.225,0,0,1.225,1.225,1.225,1.225,1.225,1.225,1.225
2002,MO,29,4.225,1.225,1.000,0.000,1.000,1.225,1.225,0,0,1.225,1.225,1.225,1.225,1.225,1.225,1.225
2003,MO,29,4.225,1.225,1.000,0.000,1.000,1.225,1.225,0,0,1.225,1.225,1.225,1.225,1.225,1.225,1.225
2004,MO,29,4.225,1.225,1.000,0.000,1.000,1.225,1.225,0,0,1.225,1.225,1.225,1.225,1.225,1.225,1.225
2005,MO,29,4.225,1.225,1.000,0.000,1.000,1.225,1.225,0,0,1.225,1.225,1.225,1.225,1.225,1.225,1.225
2006,MO,29,4.225,1.225,1.000,0.000,1.000,1.225,1.225,0,0,1.225,1.225,1.225,1.225,1.225,1.225,1.225
2007,MO,29,4.225,1.225,1.000,0.000,1.000,1.225,1.225,0,0,1.225,1.225,1.225,1.225,1.225,1.225,1.225
2008,MO,29,4.225,1.225,1.000,0.000,1.000,1.225,1.225,0,0,1.225,1.225,1.225,1.225,1.225,1.225,1.225
2009,MO,29,4.225,1.225,1.000,0.000,1.000,1.225,1.225,0,0,1.225,1.225,1.225,1.225,1.225,1.225,1.225
2010,MO,29,4.225,1.225,1.000,0.000,1.000,1.225,1.225,0,0,1.225,1.225,1.225,1.225,1.225,1.225,1.225
2011,MO,29,4.225,1.225,1.000,0.000,1.000,1.225,1.225,0,0,1.225,1.225,1.225,1.225,1.225,1.225,1.225
2012,MO,29,4.225,1.225,1.000,0.000,1.000,1.225,1.225,0,0,1.225,1.225,1.225,1.225,1.225,1.225,1.225
2013,MO,29,4.225,1.225,1.000,0.000,1.000,1.225,1.225,0,0,1.225,1.225,1.225,1.225,1.225,1.225,1.225
2014,MO,29,4.225,1.225,1.000,0.000,1.000,1.225,1.225,0,0,1.225,1.225,1.225,1.225,1.225,1.225,1.225
1997,MT,30,0.000,0.000,0.000,0.000,0.000,0.000,0.000,0,0,0.000,0.000,0.000,0.000,0.000,0.000,0.000
1998,MT,30,0.000,0.000,0.000,0.000,0.000,0.000,0.000,0,0,0.000,0.000,0.000,0.000,0.000,0.000,0.000
1999,MT,30,0.000,0.000,0.000,0.000,0.000,0.000,0.000,0,0,0.000,0.000,0.000,0.000,0.000,0.000,0.000
2000,MT,30,0.000,0.000,0.000,0.000,0.000,0.000,0.000,0,0,0.000,0.000,0.000,0.000,0.000,0.000,0.000
2001,MT,30,0.000,0.000,0.000,0.000,0.000,0.000,0.000,0,0,0.000,0.000,0.000,0.000,0.000,0.000,0.000
2002,MT,30,0.000,0.000,0.000,0.000,0.000,0.000,0.000,0,0,0.000,0.000,0.000,0.000,0.000,0.000,0.000
2003,MT,30,0.000,0.000,0.000,0.000,0.000,0.000,0.000,0,0,0.000,0.000,0.000,0.000,0.000,0.000,0.000
2004,MT,30,0.000,0.000,0.000,0.000,0.000,0.000,0.000,0,0,0.000,0.000,0.000,0.000,0.000,0.000,0.000
2005,MT,30,0.000,0.000,0.000,0.000,0.000,0.000,0.000,0,0,0.000,0.000,0.000,0.000,0.000,0.000,0.000
2006,MT,30,0.000,0.000,0.000,0.000,0.000,0.000,0.000,0,0,0.000,0.000,0.000,0.000,0.000,0.000,0.000
2007,MT,30,0.000,0.000,0.000,0.000,0.000,0.000,0.000,0,0,0.000,0.000,0.000,0.000,0.000,0.000,0.000
2008,MT,30,0.000,0.000,0.000,0.000,0.000,0.000,0.000,0,0,0.000,0.000,0.000,0.000,0.000,0.000,0.000
2009,MT,30,0.000,0.000,0.000,0.000,0.000,0.000,0.000,0,0,0.000,0.000,0.000,0.000,0.000,0.000,0.000
2010,MT,30,0.000,0.000,0.000,0.000,0.000,0.000,0.000,0,0,0.000,0.000,0.000,0.000,0.000,0.000,0.000
2011,MT,30,0.000,0.000,0.000,0.000,0.000,0.000,0.000,0,0,0.000,0.000,0.000,0.000,0.000,0.000,0.000
2012,MT,30,0.000,0.000,0.000,0.000,0.000,0.000,0.000,0,0,0.000,0.000,0.000,0.000,0.000,0.000,0.000
2013,MT,30,0.000,0.000,0.000,0.000,0.000,0.000,0.000,0,0,0.000,0.000,0.000,0.000,0.000,0.000,0.000
2014,MT,30,0.000,0.000,0.000,0.000,0.000,0.000,0.000,0,0,0.000,0.000,0.000,0.000,0.000,0.000,0.000
1997,NE,31,5.000,0.000,1.000,1.000,0.000,0.000,5.000,0,1,0.000,0.000,0.000,5.000,0.000,0.000,0.000
1998,NE,31,5.000,0.000,1.000,1.000,0.000,0.000,5.000,0,1,0.000,0.000,0.000,5.000,0.000,0.000,0.000
1999,NE,31,5.000,0.000,1.000,1.000,0.000,0.000,5.000,0,1,0.000,0.000,0.000,5.000,0.000,0.000,0.000
2000,NE,31,5.000,0.000,1.000,1.000,0.000,0.000,5.000,0,1,0.000,0.000,0.000,5.000,0.000,0.000,0.000
2001,NE,31,5.000,0.000,1.000,1.000,0.000,0.000,5.000,0,1,0.000,0.000,0.000,5.000,0.000,0.000,0.000
2002,NE,31,5.000,0.000,1.000,1.000,0.000,0.000,5.000,0,1,0.000,0.000,0.000,5.000,0.000,0.000,0.000
2003,NE,31,5.500,0.000,1.000,1.000,0.000,0.000,5.500,0,1,0.000,0.000,0.000,5.500,0.000,0.000,0.000
2004,NE,31,5.500,0.000,1.000,1.000,0.000,0.000,5.500,0,1,0.000,0.000,0.000,5.500,0.000,0.000,0.000
2005,NE,31,5.500,0.000,1.000,1.000,0.000,0.000,5.500,0,1,0.000,0.000,0.000,5.500,0.000,0.000,0.000
2006,NE,31,5.500,0.000,1.000,1.000,0.000,0.000,5.500,0,1,0.000,0.000,0.000,5.500,0.000,0.000,0.000
2007,NE,31,5.500,0.000,1.000,1.000,0.000,0.000,5.500,0,1,0.000,0.000,0.000,5.500,0.000,0.000,0.000
2008,NE,31,5.500,0.000,1.000,1.000,0.000,0.000,5.500,0,1,0.000,0.000,0.000,5.500,0.000,0.000,0.000
2009,NE,31,5.500,0.000,1.000,1.000,0.000,0.000,5.500,0,1,0.000,0.000,0.000,5.500,0.000,0.000,0.000
2010,NE,31,5.500,0.000,1.000,1.000,0.000,0.000,5.500,0,1,0.000,0.000,0.000,5.500,0.000,0.000,0.000
2011,NE,31,5.500,0.000,1.000,1.000,0.000,0.000,5.500,0,1,0.000,0.000,0.000,5.500,0.000,0.000,0.000
2012,NE,31,5.500,0.000,1.000,1.000,0.000,0.000,5.500,0,1,0.000,0.000,0.000,5.500,0.000,0.000,0.000
2013,NE,31,5.500,0.000,1.000,1.000,0.000,0.000,5.500,0,1,0.000,0.000,0.000,5.500,0.000,0.000,0.000
2014,NE,31,5.500,0.000,1.000,1.000,0.000,0.000,5.500,0,1,0.000,0.000,0.000,5.500,0.000,0.000,0.000
1997,NV,32,6.500,0.000,1.000,0.000,0.000,0.000,0.000,0,0,0.000,0.000,0.000,0.000,0.000,0.000,0.000
1998,NV,32,6.500,0.000,1.000,0.000,0.000,0.000,0.000,0,0,0.000,0.000,0.000,0.000,0.000,0.000,0.000
1999,NV,32,6.500,0.000,1.000,0.000,0.000,0.000,0.000,0,0,0.000,0.000,0.000,0.000,0.000,0.000,0.000
2000,NV,32,6.500,0.000,1.000,0.000,0.000,0.000,0.000,0,0,0.000,0.000,0.000,0.000,0.000,0.000,0.000
2001,NV,32,6.500,0.000,1.000,0.000,0.000,0.000,0.000,0,0,0.000,0.000,0.000,0.000,0.000,0.000,0.000
2002,NV,32,6.500,0.000,1.000,0.000,0.000,0.000,0.000,0,0,0.000,0.000,0.000,0.000,0.000,0.000,0.000
2003,NV,32,6.500,0.000,1.000,0.000,0.000,0.000,0.000,0,0,0.000,0.000,0.000,0.000,0.000,0.000,0.000
2004,NV,32,6.500,0.000,1.000,0.000,0.000,0.000,0.000,0,0,0.000,0.000,0.000,0.000,0.000,0.000,0.000
2005,NV,32,6.500,0.000,1.000,0.000,0.000,0.000,0.000,0,0,0.000,0.000,0.000,0.000,0.000,0.000,0.000
2006,NV,32,6.500,0.000,1.000,0.000,0.000,0.000,0.000,0,0,0.000,0.000,0.000,0.000,0.000,0.000,0.000
2007,NV,32,6.500,0.000,1.000,0.000,0.000,0.000,0.000,0,0,0.000,0.000,0.000,0.000,0.000,0.000,0.000
2008,NV,32,6.500,0.000,1.000,0.000,0.000,0.000,0.000,0,0,0.000,0.000,0.000,0.000,0.000,0.000,0.000
2009,NV,32,6.500,0.000,1.000,0.000,0.000,0.000,0.000,0,0,0.000,0.000,0.000,0.000,0.000,0.000,0.000
2010,NV,32,6.850,0.000,1.000,0.000,0.000,0.000,0.000,0,0,0.000,0.000,0.000,0.000,0.000,0.000,0.000
2011,NV,32,6.850,0.000,1.000,0.000,0.000,0.000,0.000,0,0,0.000,0.000,0.000,0.000,0.000,0.000,0.000
2012,NV,32,6.850,0.000,1.000,0.000,0.000,0.000,0.000,0,0,0.000,0.000,0.000,0.000,0.000,0.000,0.000
2013,NV,32,6.850,0.000,1.000,0.000,0.000,0.000,0.000,0,0,0.000,0.000,0.000,0.000,0.000,0.000,0.000
2014,NV,32,6.850,0.000,1.000,0.000,0.000,0.000,0.000,0,0,0.000,0.000,0.000,0.000,0.000,0.000,0.000
1997,NH,33,0.000,0.000,0.000,0.000,0.000,0.000,0.000,0,0,0.000,0.000,0.000,0.000,0.000,0.000,0.000
1998,NH,33,0.000,0.000,0.000,0.000,0.000,0.000,0.000,0,0,0.000,0.000,0.000,0.000,0.000,0.000,0.000
1999,NH,33,0.000,0.000,0.000,0.000,0.000,0.000,0.000,0,0,0.000,0.000,0.000,0.000,0.000,0.000,0.000
2000,NH,33,0.000,0.000,0.000,0.000,0.000,0.000,0.000,0,0,0.000,0.000,0.000,0.000,0.000,0.000,0.000
2001,NH,33,0.000,0.000,0.000,0.000,0.000,0.000,0.000,0,0,0.000,0.000,0.000,0.000,0.000,0.000,0.000
2002,NH,33,0.000,0.000,0.000,0.000,0.000,0.000,0.000,0,0,0.000,0.000,0.000,0.000,0.000,0.000,0.000
2003,NH,33,0.000,0.000,0.000,0.000,0.000,0.000,0.000,0,0,0.000,0.000,0.000,0.000,0.000,0.000,0.000
2004,NH,33,0.000,0.000,0.000,0.000,0.000,0.000,0.000,0,0,0.000,0.000,0.000,0.000,0.000,0.000,0.000
2005,NH,33,0.000,0.000,0.000,0.000,0.000,0.000,0.000,0,0,0.000,0.000,0.000,0.000,0.000,0.000,0.000
2006,NH,33,0.000,0.000,0.000,0.000,0.000,0.000,0.000,0,0,0.000,0.000,0.000,0.000,0.000,0.000,0.000
2007,NH,33,0.000,0.000,0.000,0.000,0.000,0.000,0.000,0,0,0.000,0.000,0.000,0.000,0.000,0.000,0.000
2008,NH,33,0.000,0.000,0.000,0.000,0.000,0.000,0.000,0,0,0.000,0.000,0.000,0.000,0.000,0.000,0.000
2009,NH,33,0.000,0.000,0.000,0.000,0.000,0.000,0.000,0,0,0.000,0.000,0.000,0.000,0.000,0.000,0.000
2010,NH,33,0.000,0.000,0.000,0.000,0.000,0.000,0.000,0,0,0.000,0.000,0.000,0.000,0.000,0.000,0.000
2011,NH,33,0.000,0.000,0.000,0.000,0.000,0.000,0.000,0,0,0.000,0.000,0.000,0.000,0.000,0.000,0.000
2012,NH,33,0.000,0.000,0.000,0.000,0.000,0.000,0.000,0,0,0.000,0.000,0.000,0.000,0.000,0.000,0.000
2013,NH,33,0.000,0.000,0.000,0.000,0.000,0.000,0.000,0,0,0.000,0.000,0.000,0.000,0.000,0.000,0.000
2014,NH,33,0.000,0.000,0.000,0.000,0.000,0.000,0.000,0,0,0.000,0.000,0.000,0.000,0.000,0.000,0.000
1997,NJ,34,6.000,0.000,1.000,1.000,0.000,6.000,6.000,1,1,0.000,6.000,6.000,6.000,0.000,0.000,0.000
1998,NJ,34,6.000,0.000,1.000,1.000,0.000,6.000,6.000,1,1,0.000,6.000,6.000,6.000,0.000,0.000,0.000
1999,NJ,34,6.000,0.000,1.000,1.000,0.000,6.000,6.000,1,1,0.000,6.000,6.000,6.000,0.000,0.000,0.000
2000,NJ,34,6.000,0.000,1.000,1.000,0.000,6.000,6.000,1,1,0.000,6.000,6.000,6.000,0.000,0.000,0.000
2001,NJ,34,6.000,0.000,1.000,1.000,0.000,6.000,6.000,1,1,0.000,6.000,6.000,6.000,0.000,0.000,0.000
2002,NJ,34,6.000,0.000,1.000,1.000,0.000,6.000,6.000,1,1,0.000,6.000,6.000,6.000,0.000,0.000,0.000
2003,NJ,34,6.000,0.000,1.000,1.000,0.000,6.000,6.000,1,1,0.000,6.000,6.000,6.000,0.000,0.000,0.000
2004,NJ,34,6.000,0.000,1.000,1.000,0.000,6.000,6.000,1,1,0.000,6.000,6.000,6.000,0.000,0.000,0.000
2005,NJ,34,6.000,0.000,1.000,1.000,0.000,6.000,6.000,1,1,0.000,6.000,6.000,6.000,0.000,0.000,0.000
2006,NJ,34,6.000,0.000,1.000,1.000,0.000,6.000,6.000,1,1,0.000,6.000,6.000,6.000,0.000,0.000,0.000
2007,NJ,34,7.000,0.000,1.000,1.000,0.000,7.000,7.000,1,1,0.000,7.000,7.000,7.000,0.000,0.000,0.000
2008,NJ,34,7.000,0.000,1.000,1.000,0.000,7.000,7.000,1,1,0.000,7.000,7.000,7.000,0.000,0.000,0.000
2009,NJ,34,7.000,0.000,1.000,1.000,0.000,7.000,7.000,1,1,0.000,7.000,7.000,7.000,0.000,0.000,0.000
2010,NJ,34,7.000,0.000,1.000,1.000,0.000,7.000,7.000,1,1,0.000,7.000,7.000,7.000,0.000,0.000,0.000
2011,NJ,34,7.000,0.000,1.000,1.000,0.000,7.000,7.000,1,1,0.000,7.000,7.000,7.000,0.000,0.000,0.000
2012,NJ,34,7.000,0.000,1.000,1.000,0.000,7.000,7.000,1,1,0.000,7.000,7.000,7.000,0.000,0.000,0.000
2013,NJ,34,7.000,0.000,1.000,1.000,0.000,7.000,7.000,1,1,0.000,7.000,7.000,7.000,0.000,0.000,0.000
2014,NJ,34,7.000,0.000,1.000,1.000,0.000,7.000,7.000,1,1,0.000,7.000,7.000,7.000,0.000,0.000,0.000
1997,NM,35,5.000,5.000,0.000,0.000,0.000,5.000,5.000,0,0,5.000,5.000,5.000,5.000,5.000,5.000,5.000
1998,NM,35,5.000,5.000,0.000,0.000,0.000,5.000,5.000,0,0,5.000,5.000,5.000,5.000,5.000,5.000,5.000
1999,NM,35,5.000,5.000,0.000,0.000,0.000,5.000,5.000,0,0,5.000,5.000,5.000,5.000,5.000,5.000,5.000
2000,NM,35,5.000,5.000,0.000,0.000,0.000,5.000,5.000,0,0,5.000,5.000,5.000,5.000,5.000,5.000,5.000
2001,NM,35,5.000,5.000,0.000,0.000,0.000,5.000,5.000,0,0,5.000,5.000,5.000,5.000,5.000,5.000,5.000
2002,NM,35,5.000,5.000,0.000,0.000,0.000,5.000,5.000,0,0,5.000,5.000,5.000,5.000,5.000,5.000,5.000
2003,NM,35,5.000,5.000,0.000,0.000,0.000,5.000,5.000,0,0,5.000,5.000,5.000,5.000,5.000,5.000,5.000
2004,NM,35,5.000,5.000,0.000,0.000,0.000,5.000,5.000,0,0,5.000,5.000,5.000,5.000,5.000,5.000,5.000
2005,NM,35,5.000,0.000,1.000,0.000,0.000,0.000,5.000,0,1,0.000,0.000,0.000,5.000,0.000,0.000,0.000
2006,NM,35,5.000,0.000,1.000,0.000,0.000,0.000,5.000,0,1,0.000,0.000,0.000,5.000,0.000,0.000,0.000
2007,NM,35,5.000,0.000,1.000,0.000,0.000,0.000,5.000,0,1,0.000,0.000,0.000,5.000,0.000,0.000,0.000
2008,NM,35,5.000,0.000,1.000,0.000,0.000,0.000,5.000,0,1,0.000,0.000,0.000,5.000,0.000,0.000,0.000
2009,NM,35,5.000,0.000,1.000,0.000,0.000,0.000,5.000,0,1,0.000,0.000,0.000,5.000,0.000,0.000,0.000
2010,NM,35,5.000,0.000,1.000,0.000,0.000,0.000,5.000,0,1,0.000,0.000,0.000,5.000,0.000,0.000,0.000
2011,NM,35,5.125,0.000,1.000,0.000,0.000,0.000,5.125,0,1,0.000,0.000,0.000,5.125,0.000,0.000,0.000
2012,NM,35,5.125,0.000,1.000,0.000,0.000,0.000,5.125,0,1,0.000,0.000,0.000,5.125,0.000,0.000,0.000
2013,NM,35,5.125,0.000,1.000,0.000,0.000,0.000,5.125,0,1,0.000,0.000,0.000,5.125,0.000,0.000,0.000
2014,NM,35,5.125,0.000,1.000,0.000,0.000,0.000,5.125,0,1,0.000,0.000,0.000,5.125,0.000,0.000,0.000
1997,NY,36,4.000,0.000,1.000,1.000,0.000,4.000,4.000,1,1,4.000,4.000,4.000,4.000,0.000,0.000,0.000
1998,NY,36,4.000,0.000,1.000,1.000,0.000,4.000,4.000,1,1,4.000,4.000,4.000,4.000,0.000,0.000,0.000
1999,NY,36,4.000,0.000,1.000,1.000,0.000,4.000,4.000,1,1,4.000,4.000,4.000,4.000,0.000,0.000,0.000
2000,NY,36,4.000,0.000,1.000,1.000,0.000,4.000,4.000,1,1,4.000,4.000,4.000,4.000,0.000,0.000,0.000
2001,NY,36,4.000,0.000,1.000,1.000,0.000,4.000,4.000,1,1,4.000,4.000,4.000,4.000,0.000,0.000,0.000
2002,NY,36,4.000,0.000,1.000,1.000,0.000,4.000,4.000,1,1,4.000,4.000,4.000,4.000,0.000,0.000,0.000
2003,NY,36,4.000,0.000,1.000,1.000,0.000,4.000,4.000,1,1,4.000,4.000,4.000,4.000,0.000,0.000,0.000
2004,NY,36,4.250,0.000,1.000,1.000,0.000,4.250,4.250,1,1,4.000,4.250,4.250,4.250,0.000,0.000,0.000
2005,NY,36,4.250,0.000,1.000,1.000,0.000,4.250,4.250,1,1,4.000,4.250,4.250,4.250,0.000,0.000,0.000
2006,NY,36,4.000,0.000,1.000,1.000,0.000,4.000,4.000,1,1,4.000,4.000,4.000,4.000,0.000,0.000,0.000
2007,NY,36,4.000,0.000,1.000,1.000,0.000,4.000,4.000,1,1,4.000,4.000,4.000,4.000,0.000,0.000,0.000
2008,NY,36,4.000,0.000,1.000,1.000,0.000,4.000,4.000,1,1,4.000,4.000,4.000,4.000,0.000,0.000,0.000
2009,NY,36,4.000,0.000,1.000,1.000,0.000,4.000,4.000,1,1,4.000,4.000,4.000,4.000,0.000,0.000,0.000
2010,NY,36,4.000,0.000,1.000,1.000,0.000,4.000,4.000,1,1,4.000,4.000,4.000,4.000,0.000,0.000,0.000
2011,NY,36,4.000,0.000,1.000,1.000,0.000,4.000,4.000,1,1,4.000,4.000,4.000,4.000,0.000,0.000,0.000
2012,NY,36,4.000,0.000,1.000,1.000,0.000,4.000,4.000,1,1,4.000,4.000,4.000,4.000,0.000,0.000,0.000
2013,NY,36,4.000,0.000,1.000,1.000,0.000,4.000,4.000,1,1,4.000,4.000,4.000,4.000,0.000,0.000,0.000
2014,NY,36,4.000,0.000,1.000,1.000,0.000,4.000,4.000,1,1,4.000,4.000,4.000,4.000,0.000,0.000,0.000
1997,NC,37,4.000,4.000,0.000,1.000,0.000,4.000,4.000,0,0,4.000,4.000,4.000,4.000,4.000,4.000,4.000
1998,NC,37,4.000,4.000,0.000,1.000,0.000,4.000,4.000,0,0,4.000,4.000,4.000,4.000,4.000,4.000,4.000
1999,NC,37,4.000,4.000,0.000,1.000,0.000,4.000,4.000,0,0,4.000,4.000,4.000,4.000,4.000,4.000,4.000
2000,NC,37,4.000,4.000,0.000,1.000,0.000,4.000,4.000,0,0,4.000,4.000,4.000,4.000,4.000,4.000,4.000
2001,NC,37,4.000,4.000,0.000,1.000,0.000,4.000,4.000,0,0,4.000,4.000,4.000,4.000,4.000,4.000,4.000
2002,NC,37,4.500,0.000,1.000,1.000,0.000,0.000,4.500,0,1,0.000,0.000,0.000,4.000,0.000,0.000,0.000
2003,NC,37,4.500,0.000,1.000,1.000,0.000,0.000,4.500,0,1,0.000,0.000,0.000,4.000,0.000,0.000,0.000
2004,NC,37,4.500,0.000,1.000,1.000,0.000,4.500,4.500,1,1,0.000,0.000,0.000,4.000,0.000,0.000,0.000
2005,NC,37,4.250,0.000,1.000,1.000,0.000,4.250,4.250,1,1,0.000,0.000,0.000,4.000,0.000,0.000,0.000
2006,NC,37,4.500,0.000,1.000,1.000,0.000,4.500,4.500,1,1,0.000,4.500,0.000,4.000,0.000,0.000,0.000
2007,NC,37,4.500,0.000,1.000,1.000,0.000,4.500,4.500,1,1,0.000,4.500,0.000,4.500,0.000,0.000,0.000
2008,NC,37,4.250,0.000,1.000,1.000,0.000,4.250,4.250,1,1,0.000,4.250,0.000,4.250,0.000,0.000,0.000
2009,NC,37,4.500,0.000,1.000,1.000,0.000,4.500,4.500,1,1,0.000,4.500,0.000,4.500,0.000,0.000,0.000
2010,NC,37,5.750,0.000,1.000,1.000,0.000,5.750,5.750,1,1,0.000,5.750,0.000,5.750,0.000,0.000,0.000
2011,NC,37,5.750,0.000,1.000,1.000,0.000,5.750,5.750,1,1,0.000,5.750,0.000,5.750,0.000,0.000,0.000
2012,NC,37,4.750,0.000,1.000,1.000,0.000,4.750,4.750,1,1,0.000,4.750,0.000,4.750,0.000,0.000,0.000
2013,NC,37,4.750,0.000,1.000,1.000,0.000,4.750,4.750,1,1,0.000,4.750,0.000,4.750,0.000,0.000,0.000
2014,NC,37,4.750,0.000,1.000,1.000,0.000,4.750,4.750,1,1,0.000,4.750,0.000,4.750,0.000,0.000,0.000
1997,ND,38,5.000,0.000,1.000,0.000,0.000,5.000,5.000,1,1,0.000,5.000,5.000,0.000,0.000,0.000,0.000
1998,ND,38,5.000,0.000,1.000,0.000,0.000,5.000,5.000,1,1,0.000,5.000,5.000,0.000,0.000,0.000,0.000
1999,ND,38,5.000,0.000,1.000,0.000,0.000,5.000,5.000,1,1,0.000,5.000,5.000,0.000,0.000,0.000,0.000
2000,ND,38,5.000,0.000,1.000,0.000,0.000,5.000,5.000,1,1,0.000,5.000,5.000,0.000,0.000,0.000,0.000
2001,ND,38,5.000,0.000,1.000,0.000,0.000,5.000,5.000,1,1,0.000,5.000,5.000,0.000,0.000,0.000,0.000
2002,ND,38,5.000,0.000,1.000,0.000,0.000,5.000,5.000,1,1,0.000,5.000,5.000,0.000,0.000,0.000,0.000
2003,ND,38,5.000,0.000,1.000,0.000,0.000,5.000,5.000,1,1,0.000,5.000,5.000,0.000,0.000,0.000,0.000
2004,ND,38,5.000,0.000,1.000,0.000,0.000,5.000,5.000,1,1,0.000,5.000,5.000,0.000,0.000,0.000,0.000
2005,ND,38,5.000,0.000,1.000,0.000,0.000,5.000,5.000,1,1,0.000,5.000,5.000,0.000,0.000,0.000,0.000
2006,ND,38,5.000,0.000,1.000,0.000,0.000,5.000,5.000,1,1,0.000,5.000,5.000,0.000,0.000,0.000,0.000
2007,ND,38,5.000,0.000,1.000,0.000,0.000,5.000,5.000,1,1,0.000,5.000,5.000,0.000,0.000,0.000,0.000
2008,ND,38,5.000,0.000,1.000,0.000,0.000,5.000,5.000,1,1,0.000,5.000,5.000,0.000,0.000,0.000,0.000
2009,ND,38,5.000,0.000,1.000,0.000,0.000,5.000,5.000,1,1,0.000,5.000,5.000,0.000,0.000,0.000,0.000
2010,ND,38,5.000,0.000,1.000,0.000,0.000,5.000,5.000,1,1,0.000,5.000,5.000,0.000,0.000,0.000,0.000
2011,ND,38,5.000,0.000,1.000,0.000,0.000,5.000,5.000,1,1,0.000,5.000,5.000,0.000,0.000,0.000,0.000
2012,ND,38,5.000,0.000,1.000,0.000,0.000,5.000,5.000,1,1,0.000,5.000,5.000,0.000,0.000,0.000,0.000
2013,ND,38,5.000,0.000,1.000,0.000,0.000,5.000,5.000,1,1,0.000,5.000,5.000,0.000,0.000,0.000,0.000
2014,ND,38,5.000,0.000,1.000,0.000,0.000,5.000,5.000,1,1,0.000,5.000,5.000,0.000,0.000,0.000,0.000
1997,OH,39,5.000,0.000,1.000,0.000,0.000,0.000,0.000,0,0,0.000,0.000,0.000,0.000,0.000,0.000,0.000
1998,OH,39,5.000,0.000,1.000,0.000,0.000,0.000,0.000,0,0,0.000,0.000,0.000,0.000,0.000,0.000,0.000
1999,OH,39,5.000,0.000,1.000,0.000,0.000,0.000,0.000,0,0,0.000,0.000,0.000,0.000,0.000,0.000,0.000
2000,OH,39,5.000,0.000,1.000,0.000,0.000,0.000,0.000,0,0,0.000,0.000,0.000,0.000,0.000,0.000,0.000
2001,OH,39,5.000,0.000,1.000,0.000,0.000,0.000,0.000,0,0,0.000,0.000,0.000,0.000,0.000,0.000,0.000
2002,OH,39,5.000,0.000,1.000,0.000,0.000,0.000,0.000,0,0,0.000,0.000,0.000,0.000,0.000,0.000,0.000
2003,OH,39,5.000,0.000,1.000,0.000,0.000,5.000,5.000,1,1,0.000,0.000,0.000,0.000,0.000,0.000,0.000
2004,OH,39,6.000,0.000,1.000,0.000,0.000,6.000,6.000,1,1,0.000,0.000,0.000,0.000,0.000,0.000,0.000
2005,OH,39,6.000,0.000,1.000,0.000,0.000,6.000,6.000,1,1,0.000,0.000,0.000,0.000,0.000,0.000,0.000
2006,OH,39,5.500,0.000,1.000,0.000,0.000,5.500,5.500,1,1,0.000,0.000,0.000,0.000,0.000,0.000,0.000
2007,OH,39,5.500,0.000,1.000,0.000,0.000,5.500,5.500,1,1,0.000,0.000,0.000,0.000,0.000,0.000,0.000
2008,OH,39,5.500,0.000,1.000,0.000,0.000,5.500,5.500,1,1,0.000,0.000,0.000,0.000,0.000,0.000,0.000
2009,OH,39,5.500,0.000,1.000,0.000,0.000,5.500,5.500,1,1,0.000,0.000,0.000,0.000,0.000,0.000,0.000
2010,OH,39,5.500,0.000,1.000,0.000,0.000,5.500,5.500,1,1,0.000,0.000,0.000,0.000,0.000,0.000,0.000
2011,OH,39,5.500,0.000,1.000,0.000,0.000,5.500,5.500,1,1,0.000,0.000,0.000,0.000,0.000,0.000,0.000
2012,OH,39,5.500,0.000,1.000,0.000,0.000,5.500,5.500,1,1,0.000,0.000,0.000,0.000,0.000,0.000,0.000
2013,OH,39,5.500,0.000,1.000,0.000,0.000,5.500,5.500,1,1,0.000,0.000,0.000,0.000,0.000,0.000,0.000
2014,OH,39,5.750,0.000,1.000,0.000,0.000,5.750,5.750,1,1,0.000,0.000,0.000,0.000,0.000,0.000,0.000
1997,OK,40,4.500,4.500,0.000,0.000,0.000,4.500,4.500,0,0,4.500,4.500,4.500,4.500,4.500,4.500,4.500
1998,OK,40,4.500,4.500,0.000,0.000,0.000,4.500,4.500,0,0,4.500,4.500,4.500,4.500,4.500,4.500,4.500
1999,OK,40,4.500,4.500,0.000,0.000,0.000,4.500,4.500,0,0,4.500,4.500,4.500,4.500,4.500,4.500,4.500
2000,OK,40,4.500,4.500,0.000,0.000,0.000,4.500,4.500,0,0,4.500,4.500,4.500,4.500,4.500,4.500,4.500
2001,OK,40,4.500,4.500,0.000,0.000,0.000,4.500,4.500,0,0,4.500,4.500,4.500,4.500,4.500,4.500,4.500
2002,OK,40,4.500,4.500,0.000,0.000,0.000,4.500,4.500,0,0,4.500,4.500,4.500,4.500,4.500,4.500,4.500
2003,OK,40,4.500,4.500,0.000,0.000,0.000,4.500,4.500,0,0,4.500,4.500,4.500,4.500,4.500,4.500,4.500
2004,OK,40,4.500,4.500,0.000,0.000,0.000,4.500,4.500,0,0,4.500,4.500,4.500,4.500,4.500,4.500,4.500
2005,OK,40,4.500,4.500,0.000,0.000,0.000,4.500,4.500,0,0,4.500,4.500,4.500,4.500,4.500,4.500,4.500
2006,OK,40,4.500,4.500,0.000,0.000,0.000,4.500,4.500,0,0,4.500,4.500,4.500,4.500,4.500,4.500,4.500
2007,OK,40,4.500,4.500,0.000,0.000,0.000,4.500,4.500,0,0,4.500,4.500,4.500,4.500,4.500,4.500,4.500
2008,OK,40,4.500,4.500,0.000,0.000,0.000,4.500,4.500,0,0,4.500,4.500,4.500,4.500,4.500,4.500,4.500
2009,OK,40,4.500,4.500,0.000,0.000,0.000,4.500,4.500,0,0,4.500,4.500,4.500,4.500,4.500,4.500,4.500
2010,OK,40,4.500,4.500,0.000,0.000,0.000,4.500,4.500,0,0,4.500,4.500,4.500,4.500,4.500,4.500,4.500
2011,OK,40,4.500,4.500,0.000,0.000,0.000,4.500,4.500,0,0,4.500,4.500,4.500,4.500,4.500,4.500,4.500
2012,OK,40,4.500,4.500,0.000,0.000,0.000,4.500,4.500,0,0,4.500,4.500,4.500,4.500,4.500,4.500,4.500
2013,OK,40,4.500,4.500,0.000,0.000,0.000,4.500,4.500,0,0,4.500,4.500,4.500,4.500,4.500,4.500,4.500
2014,OK,40,4.500,4.500,0.000,0.000,0.000,4.500,4.500,0,0,4.500,4.500,4.500,4.500,4.500,4.500,4.500
1997,OR,41,0.000,0.000,0.000,0.000,0.000,0.000,0.000,0,0,0.000,0.000,0.000,0.000,0.000,0.000,0.000
1998,OR,41,0.000,0.000,0.000,0.000,0.000,0.000,0.000,0,0,0.000,0.000,0.000,0.000,0.000,0.000,0.000
1999,OR,41,0.000,0.000,0.000,0.000,0.000,0.000,0.000,0,0,0.000,0.000,0.000,0.000,0.000,0.000,0.000
2000,OR,41,0.000,0.000,0.000,0.000,0.000,0.000,0.000,0,0,0.000,0.000,0.000,0.000,0.000,0.000,0.000
2001,OR,41,0.000,0.000,0.000,0.000,0.000,0.000,0.000,0,0,0.000,0.000,0.000,0.000,0.000,0.000,0.000
2002,OR,41,0.000,0.000,0.000,0.000,0.000,0.000,0.000,0,0,0.000,0.000,0.000,0.000,0.000,0.000,0.000
2003,OR,41,0.000,0.000,0.000,0.000,0.000,0.000,0.000,0,0,0.000,0.000,0.000,0.000,0.000,0.000,0.000
2004,OR,41,0.000,0.000,0.000,0.000,0.000,0.000,0.000,0,0,0.000,0.000,0.000,0.000,0.000,0.000,0.000
2005,OR,41,0.000,0.000,0.000,0.000,0.000,0.000,0.000,0,0,0.000,0.000,0.000,0.000,0.000,0.000,0.000
2006,OR,41,0.000,0.000,0.000,0.000,0.000,0.000,0.000,0,0,0.000,0.000,0.000,0.000,0.000,0.000,0.000
2007,OR,41,0.000,0.000,0.000,0.000,0.000,0.000,0.000,0,0,0.000,0.000,0.000,0.000,0.000,0.000,0.000
2008,OR,41,0.000,0.000,0.000,0.000,0.000,0.000,0.000,0,0,0.000,0.000,0.000,0.000,0.000,0.000,0.000
2009,OR,41,0.000,0.000,0.000,0.000,0.000,0.000,0.000,0,0,0.000,0.000,0.000,0.000,0.000,0.000,0.000
2010,OR,41,0.000,0.000,0.000,0.000,0.000,0.000,0.000,0,0,0.000,0.000,0.000,0.000,0.000,0.000,0.000
2011,OR,41,0.000,0.000,0.000,0.000,0.000,0.000,0.000,0,0,0.000,0.000,0.000,0.000,0.000,0.000,0.000
2012,OR,41,0.000,0.000,0.000,0.000,0.000,0.000,0.000,0,0,0.000,0.000,0.000,0.000,0.000,0.000,0.000
2013,OR,41,0.000,0.000,0.000,0.000,0.000,0.000,0.000,0,0,0.000,0.000,0.000,0.000,0.000,0.000,0.000
2014,OR,41,0.000,0.000,0.000,0.000,0.000,0.000,0.000,0,0,0.000,0.000,0.000,0.000,0.000,0.000,0.000
1997,PA,42,6.000,0.000,1.000,0.000,0.000,6.000,6.000,1,1,0.000,0.000,0.000,0.000,6.000,0.000,0.000
1998,PA,42,6.000,0.000,1.000,0.000,0.000,6.000,6.000,1,1,0.000,0.000,0.000,0.000,6.000,0.000,0.000
1999,PA,42,6.000,0.000,1.000,0.000,0.000,6.000,6.000,1,1,0.000,0.000,0.000,0.000,6.000,0.000,0.000
2000,PA,42,6.000,0.000,1.000,0.000,0.000,6.000,6.000,1,1,0.000,0.000,0.000,0.000,6.000,0.000,0.000
2001,PA,42,6.000,0.000,1.000,0.000,0.000,6.000,6.000,1,1,0.000,0.000,0.000,0.000,6.000,0.000,0.000
2002,PA,42,6.000,0.000,1.000,0.000,0.000,6.000,6.000,1,1,0.000,0.000,0.000,0.000,6.000,0.000,0.000
2003,PA,42,6.000,0.000,1.000,0.000,0.000,6.000,6.000,1,1,0.000,0.000,0.000,0.000,6.000,0.000,0.000
2004,PA,42,6.000,0.000,1.000,0.000,0.000,6.000,6.000,1,1,0.000,0.000,0.000,0.000,6.000,0.000,0.000
2005,PA,42,6.000,0.000,1.000,0.000,0.000,6.000,6.000,1,1,0.000,0.000,0.000,0.000,6.000,0.000,0.000
2006,PA,42,6.000,0.000,1.000,0.000,0.000,6.000,6.000,1,1,0.000,0.000,0.000,0.000,6.000,0.000,0.000
2007,PA,42,6.000,0.000,1.000,0.000,0.000,6.000,6.000,1,1,0.000,0.000,0.000,0.000,6.000,0.000,0.000
2008,PA,42,6.000,0.000,1.000,0.000,0.000,6.000,6.000,1,1,0.000,0.000,0.000,0.000,6.000,0.000,0.000
2009,PA,42,6.000,0.000,1.000,0.000,0.000,6.000,6.000,1,1,0.000,0.000,0.000,0.000,6.000,0.000,0.000
2010,PA,42,6.000,0.000,1.000,0.000,0.000,6.000,6.000,1,1,0.000,0.000,0.000,0.000,6.000,0.000,0.000
2011,PA,42,6.000,0.000,1.000,0.000,0.000,6.000,6.000,1,1,0.000,0.000,0.000,0.000,6.000,0.000,0.000
2012,PA,42,6.000,0.000,1.000,0.000,0.000,6.000,6.000,1,1,0.000,0.000,0.000,0.000,6.000,0.000,0.000
2013,PA,42,6.000,0.000,1.000,0.000,0.000,6.000,6.000,1,1,0.000,0.000,0.000,0.000,6.000,0.000,0.000
2014,PA,42,6.000,0.000,1.000,0.000,0.000,6.000,6.000,1,1,0.000,0.000,0.000,0.000,6.000,0.000,0.000
1997,RI,44,7.000,0.000,1.000,0.000,0.000,7.000,7.000,1,1,0.000,7.000,7.000,0.000,0.000,0.000,0.000
1998,RI,44,7.000,0.000,1.000,0.000,0.000,7.000,7.000,1,1,0.000,7.000,7.000,0.000,0.000,0.000,0.000
1999,RI,44,7.000,0.000,1.000,0.000,0.000,7.000,7.000,1,1,0.000,7.000,7.000,0.000,0.000,0.000,0.000
2000,RI,44,7.000,0.000,1.000,0.000,0.000,7.000,7.000,1,1,0.000,7.000,7.000,0.000,0.000,0.000,0.000
2001,RI,44,7.000,0.000,1.000,0.000,0.000,7.000,7.000,1,1,0.000,7.000,7.000,0.000,0.000,0.000,0.000
2002,RI,44,7.000,0.000,1.000,0.000,0.000,7.000,7.000,1,1,0.000,7.000,7.000,0.000,0.000,0.000,0.000
2003,RI,44,7.000,0.000,1.000,0.000,0.000,7.000,7.000,1,1,0.000,7.000,7.000,0.000,0.000,0.000,0.000
2004,RI,44,7.000,0.000,1.000,0.000,0.000,7.000,7.000,1,1,0.000,7.000,7.000,0.000,0.000,0.000,0.000
2005,RI,44,7.000,0.000,1.000,0.000,0.000,7.000,7.000,1,1,0.000,7.000,7.000,0.000,0.000,0.000,0.000
2006,RI,44,7.000,0.000,1.000,0.000,0.000,7.000,7.000,1,1,0.000,7.000,7.000,0.000,0.000,0.000,0.000
2007,RI,44,7.000,0.000,1.000,0.000,0.000,7.000,7.000,1,1,0.000,7.000,7.000,0.000,0.000,0.000,0.000
2008,RI,44,7.000,0.000,1.000,0.000,0.000,7.000,7.000,1,1,0.000,7.000,7.000,0.000,0.000,0.000,0.000
2009,RI,44,7.000,0.000,1.000,0.000,0.000,7.000,7.000,1,1,0.000,7.000,7.000,0.000,0.000,0.000,0.000
2010,RI,44,7.000,0.000,1.000,0.000,0.000,7.000,7.000,1,1,0.000,7.000,7.000,0.000,0.000,0.000,0.000
2011,RI,44,7.000,0.000,1.000,0.000,0.000,7.000,7.000,1,1,0.000,7.000,7.000,0.000,0.000,0.000,0.000
2012,RI,44,7.000,0.000,1.000,0.000,0.000,7.000,7.000,1,1,0.000,7.000,7.000,0.000,0.000,0.000,0.000
2013,RI,44,7.000,0.000,1.000,0.000,0.000,7.000,7.000,1,1,0.000,7.000,7.000,0.000,0.000,0.000,0.000
2014,RI,44,7.000,0.000,1.000,0.000,0.000,7.000,7.000,1,1,0.000,7.000,7.000,0.000,0.000,0.000,0.000
1997,SC,45,5.000,5.000,0.000,0.000,0.000,5.000,5.000,0,0,5.000,5.000,5.000,5.000,5.000,5.000,5.000
1998,SC,45,5.000,5.000,0.000,0.000,0.000,5.000,5.000,0,0,5.000,5.000,5.000,5.000,5.000,5.000,5.000
1999,SC,45,5.000,5.000,0.000,0.000,0.000,5.000,5.000,0,0,5.000,5.000,5.000,5.000,5.000,5.000,5.000
2000,SC,45,5.000,5.000,0.000,0.000,0.000,5.000,5.000,0,0,5.000,5.000,5.000,5.000,5.000,5.000,5.000
2001,SC,45,5.000,5.000,0.000,0.000,0.000,5.000,5.000,0,0,5.000,5.000,5.000,5.000,5.000,5.000,5.000
2002,SC,45,5.000,5.000,0.000,0.000,0.000,5.000,5.000,0,0,5.000,5.000,5.000,5.000,5.000,5.000,5.000
2003,SC,45,5.000,5.000,0.000,0.000,0.000,5.000,5.000,0,0,5.000,5.000,5.000,5.000,5.000,5.000,5.000
2004,SC,45,5.000,5.000,0.000,0.000,0.000,5.000,5.000,0,0,5.000,5.000,5.000,5.000,5.000,5.000,5.000
2005,SC,45,5.000,5.000,0.000,0.000,0.000,5.000,5.000,0,0,5.000,5.000,5.000,5.000,5.000,5.000,5.000
2006,SC,45,5.000,5.000,0.000,0.000,0.000,5.000,5.000,0,0,5.000,5.000,5.000,5.000,5.000,5.000,5.000
2007,SC,45,5.000,3.000,1.000,0.000,0.000,3.000,5.000,0,1,3.000,3.000,3.000,5.000,3.000,3.000,3.000
2008,SC,45,6.000,0.000,1.000,0.000,0.000,0.000,6.000,0,1,0.000,0.000,0.000,6.000,0.000,0.000,0.000
2009,SC,45,6.000,0.000,1.000,0.000,0.000,0.000,6.000,0,1,0.000,0.000,0.000,6.000,0.000,0.000,0.000
2010,SC,45,6.000,0.000,1.000,0.000,0.000,0.000,6.000,0,1,0.000,0.000,0.000,6.000,0.000,0.000,0.000
2011,SC,45,6.000,0.000,1.000,0.000,0.000,0.000,6.000,0,1,0.000,0.000,0.000,6.000,0.000,0.000,0.000
2012,SC,45,6.000,0.000,1.000,0.000,0.000,0.000,6.000,0,1,0.000,0.000,0.000,6.000,0.000,0.000,0.000
2013,SC,45,6.000,0.000,1.000,0.000,0.000,0.000,6.000,0,1,0.000,0.000,0.000,6.000,0.000,0.000,0.000
2014,SC,45,6.000,0.000,1.000,0.000,0.000,0.000,6.000,0,1,0.000,0.000,0.000,6.000,0.000,0.000,0.000
1997,SD,46,4.000,4.000,0.000,0.000,0.000,4.000,4.000,0,0,4.000,4.000,4.000,4.000,4.000,4.000,4.000
1998,SD,46,4.000,4.000,0.000,0.000,0.000,4.000,4.000,0,0,4.000,4.000,4.000,4.000,4.000,4.000,4.000
1999,SD,46,4.000,4.000,0.000,0.000,0.000,4.000,4.000,0,0,4.000,4.000,4.000,4.000,4.000,4.000,4.000
2000,SD,46,4.000,4.000,0.000,0.000,0.000,4.000,4.000,0,0,4.000,4.000,4.000,4.000,4.000,4.000,4.000
2001,SD,46,4.000,4.000,0.000,0.000,0.000,4.000,4.000,0,0,4.000,4.000,4.000,4.000,4.000,4.000,4.000
2002,SD,46,4.000,4.000,0.000,0.000,0.000,4.000,4.000,0,0,4.000,4.000,4.000,4.000,4.000,4.000,4.000
2003,SD,46,4.000,4.000,0.000,0.000,0.000,4.000,4.000,0,0,4.000,4.000,4.000,4.000,4.000,4.000,4.000
2004,SD,46,4.000,4.000,0.000,0.000,0.000,4.000,4.000,0,0,4.000,4.000,4.000,4.000,4.000,4.000,4.000
2005,SD,46,4.000,4.000,0.000,0.000,0.000,4.000,4.000,0,0,4.000,4.000,4.000,4.000,4.000,4.000,4.000
2006,SD,46,4.000,4.000,0.000,0.000,0.000,4.000,4.000,0,0,4.000,4.000,4.000,4.000,4.000,4.000,4.000
2007,SD,46,4.000,4.000,0.000,0.000,0.000,4.000,4.000,0,0,4.000,4.000,4.000,4.000,4.000,4.000,4.000
2008,SD,46,4.000,4.000,0.000,0.000,0.000,4.000,4.000,0,0,4.000,4.000,4.000,4.000,4.000,4.000,4.000
2009,SD,46,4.000,4.000,0.000,0.000,0.000,4.000,4.000,0,0,4.000,4.000,4.000,4.000,4.000,4.000,4.000
2010,SD,46,4.000,4.000,0.000,0.000,0.000,4.000,4.000,0,0,4.000,4.000,4.000,4.000,4.000,4.000,4.000
2011,SD,46,4.000,4.000,0.000,0.000,0.000,4.000,4.000,0,0,4.000,4.000,4.000,4.000,4.000,4.000,4.000
2012,SD,46,4.000,4.000,0.000,0.000,0.000,4.000,4.000,0,0,4.000,4.000,4.000,4.000,4.000,4.000,4.000
2013,SD,46,4.000,4.000,0.000,0.000,0.000,4.000,4.000,0,0,4.000,4.000,4.000,4.000,4.000,4.000,4.000
2014,SD,46,4.000,4.000,0.000,0.000,0.000,4.000,4.000,0,0,4.000,4.000,4.000,4.000,4.000,4.000,4.000
1997,TN,47,6.000,6.000,0.000,0.000,0.000,6.000,6.000,0,0,6.000,6.000,6.000,6.000,6.000,6.000,6.000
1998,TN,47,6.000,6.000,0.000,0.000,0.000,6.000,6.000,0,0,6.000,6.000,6.000,6.000,6.000,6.000,6.000
1999,TN,47,6.000,6.000,0.000,0.000,0.000,6.000,6.000,0,0,6.000,6.000,6.000,6.000,6.000,6.000,6.000
2000,TN,47,6.000,6.000,0.000,0.000,0.000,6.000,6.000,0,0,6.000,6.000,6.000,6.000,6.000,6.000,6.000
2001,TN,47,6.000,6.000,0.000,0.000,0.000,6.000,6.000,0,0,6.000,6.000,6.000,6.000,6.000,6.000,6.000
2002,TN,47,6.000,6.000,0.000,0.000,0.000,6.000,6.000,0,0,6.000,6.000,6.000,6.000,6.000,6.000,6.000
2003,TN,47,7.000,6.000,1.000,0.000,0.000,6.000,6.000,0,0,6.000,7.000,6.000,6.000,6.000,6.000,6.000
2004,TN,47,7.000,6.000,1.000,0.000,0.000,6.000,6.000,0,0,6.000,7.000,6.000,6.000,6.000,6.000,6.000
2005,TN,47,7.000,6.000,1.000,0.000,0.000,6.000,6.000,0,0,6.000,7.000,6.000,6.000,6.000,6.000,6.000
2006,TN,47,7.000,6.000,1.000,0.000,0.000,6.000,6.000,0,0,6.000,7.000,6.000,6.000,6.000,6.000,6.000
2007,TN,47,7.000,6.000,1.000,0.000,0.000,6.000,6.000,0,0,6.000,7.000,6.000,6.000,6.000,6.000,6.000
2008,TN,47,7.000,5.500,1.000,0.000,0.000,5.500,5.500,0,0,5.500,7.000,5.500,5.500,5.500,5.500,5.500
2009,TN,47,7.000,5.500,1.000,0.000,0.000,5.500,5.500,0,0,5.500,7.000,5.500,5.500,5.500,5.500,5.500
2010,TN,47,7.000,5.500,1.000,0.000,0.000,5.500,5.500,0,0,5.500,7.000,5.500,5.500,5.500,5.500,5.500
2011,TN,47,7.000,5.500,1.000,0.000,0.000,5.500,5.500,0,0,5.500,7.000,5.500,5.500,5.500,5.500,5.500
2012,TN,47,7.000,5.500,1.000,0.000,0.000,5.500,5.500,0,0,5.500,7.000,5.500,5.500,5.500,5.500,5.500
2013,TN,47,7.000,5.250,1.000,0.000,0.000,5.250,5.250,0,0,5.250,7.000,5.250,5.250,5.250,5.250,5.250
2014,TN,47,7.000,5.000,1.000,0.000,0.000,5.000,5.000,0,0,5.000,7.000,5.000,5.000,5.000,5.000,5.000
1997,TX,48,6.250,0.000,1.000,1.000,0.000,6.250,6.250,1,1,0.000,6.250,6.250,6.250,0.000,0.000,0.000
1998,TX,48,6.250,0.000,1.000,1.000,0.000,6.250,6.250,1,1,0.000,6.250,6.250,6.250,0.000,0.000,0.000
1999,TX,48,6.250,0.000,1.000,1.000,0.000,6.250,6.250,1,1,0.000,6.250,6.250,6.250,0.000,0.000,0.000
2000,TX,48,6.250,0.000,1.000,1.000,0.000,6.250,6.250,1,1,0.000,6.250,6.250,6.250,0.000,0.000,0.000
2001,TX,48,6.250,0.000,1.000,1.000,0.000,6.250,6.250,1,1,0.000,6.250,6.250,6.250,0.000,0.000,0.000
2002,TX,48,6.250,0.000,1.000,1.000,0.000,6.250,6.250,1,1,0.000,6.250,6.250,6.250,0.000,0.000,0.000
2003,TX,48,6.250,0.000,1.000,1.000,0.000,6.250,6.250,1,1,0.000,6.250,6.250,6.250,0.000,0.000,0.000
2004,TX,48,6.250,0.000,1.000,1.000,0.000,6.250,6.250,1,1,0.000,6.250,6.250,6.250,0.000,0.000,0.000
2005,TX,48,6.250,0.000,1.000,1.000,0.000,6.250,6.250,1,1,0.000,6.250,6.250,6.250,0.000,0.000,0.000
2006,TX,48,6.250,0.000,1.000,1.000,0.000,6.250,6.250,1,1,0.000,6.250,6.250,6.250,0.000,0.000,0.000
2007,TX,48,6.250,0.000,1.000,1.000,0.000,6.250,6.250,1,1,0.000,6.250,6.250,6.250,0.000,0.000,0.000
2008,TX,48,6.250,0.000,1.000,1.000,0.000,6.250,6.250,1,1,0.000,6.250,6.250,6.250,0.000,0.000,0.000
2009,TX,48,6.250,0.000,1.000,1.000,0.000,6.250,6.250,1,1,0.000,6.250,6.250,6.250,0.000,0.000,0.000
2010,TX,48,6.250,0.000,1.000,1.000,0.000,6.250,6.250,1,1,0.000,6.250,6.250,6.250,0.000,0.000,0.000
2011,TX,48,6.250,0.000,1.000,1.000,0.000,6.250,6.250,1,1,0.000,6.250,6.250,6.250,0.000,0.000,0.000
2012,TX,48,6.250,0.000,1.000,1.000,0.000,6.250,6.250,1,1,0.000,6.250,6.250,6.250,0.000,0.000,0.000
2013,TX,48,6.250,0.000,1.000,1.000,0.000,6.250,6.250,1,1,0.000,6.250,6.250,6.250,0.000,0.000,0.000
2014,TX,48,6.250,0.000,1.000,1.000,0.000,6.250,6.250,1,1,0.000,6.250,6.250,6.250,0.000,0.000,0.000
1997,UT,49,4.880,4.880,0.000,0.000,0.000,4.880,4.880,0,0,4.750,4.880,4.880,4.880,4.880,4.880,4.880
1998,UT,49,4.750,4.750,0.000,0.000,0.000,4.750,4.750,0,0,4.750,4.750,4.750,4.750,4.750,4.750,4.750
1999,UT,49,4.750,4.750,0.000,0.000,0.000,4.750,4.750,0,0,4.750,4.750,4.750,4.750,4.750,4.750,4.750
2000,UT,49,4.750,4.750,0.000,0.000,0.000,4.750,4.750,0,0,4.750,4.750,4.750,4.750,4.750,4.750,4.750
2001,UT,49,4.750,4.750,0.000,0.000,0.000,4.750,4.750,0,0,4.750,4.750,4.750,4.750,4.750,4.750,4.750
2002,UT,49,4.750,4.750,0.000,0.000,0.000,4.750,4.750,0,0,4.750,4.750,4.750,4.750,4.750,4.750,4.750
2003,UT,49,4.750,4.750,0.000,0.000,0.000,4.750,4.750,0,0,4.750,4.750,4.750,4.750,4.750,4.750,4.750
2004,UT,49,4.750,4.750,0.000,0.000,0.000,4.750,4.750,0,0,4.750,4.750,4.750,4.750,4.750,4.750,4.750
2005,UT,49,4.750,4.750,0.000,0.000,0.000,4.750,4.750,0,0,4.750,4.750,4.750,4.750,4.750,4.750,4.750
2006,UT,49,4.750,4.750,0.000,0.000,0.000,4.750,4.750,0,0,4.750,4.750,4.750,4.750,4.750,4.750,4.750
2007,UT,49,4.750,2.750,1.000,0.000,0.000,2.750,2.750,0,0,2.750,2.750,2.750,2.750,2.750,2.750,2.750
2008,UT,49,4.650,1.750,1.000,0.000,0.000,1.750,1.750,0,0,1.750,1.750,1.750,1.750,1.750,1.750,1.750
2009,UT,49,4.700,1.750,1.000,0.000,0.000,1.750,1.750,0,0,1.750,1.750,1.750,1.750,1.750,1.750,1.750
2010,UT,49,4.700,1.750,1.000,0.000,0.000,1.750,1.750,0,0,1.750,1.750,1.750,1.750,1.750,1.750,1.750
2011,UT,49,4.700,1.750,1.000,0.000,0.000,1.750,1.750,0,0,1.750,1.750,1.750,1.750,1.750,1.750,1.750
2012,UT,49,4.700,1.750,1.000,0.000,0.000,1.750,1.750,0,0,1.750,1.750,1.750,1.750,1.750,1.750,1.750
2013,UT,49,4.700,1.750,1.000,0.000,0.000,1.750,1.750,0,0,1.750,1.750,1.750,1.750,1.750,1.750,1.750
2014,UT,49,4.700,1.750,1.000,0.000,0.000,1.750,1.750,0,0,1.750,1.750,1.750,1.750,1.750,1.750,1.750
1997,VT,50,5.000,0.000,1.000,0.000,0.000,0.000,0.000,0,0,0.000,0.000,0.000,0.000,0.000,0.000,0.000
1998,VT,50,5.000,0.000,1.000,0.000,0.000,0.000,0.000,0,0,0.000,0.000,0.000,0.000,0.000,0.000,3.500
1999,VT,50,5.000,0.000,1.000,0.000,0.000,0.000,0.000,0,0,0.000,0.000,0.000,0.000,0.000,0.000,3.500
2000,VT,50,5.000,0.000,1.000,0.000,0.000,0.000,0.000,0,0,0.000,0.000,0.000,0.000,0.000,0.000,0.000
2001,VT,50,5.000,0.000,1.000,0.000,0.000,0.000,0.000,0,0,0.000,0.000,0.000,0.000,0.000,0.000,0.000
2002,VT,50,5.000,0.000,1.000,0.000,0.000,0.000,0.000,0,0,0.000,0.000,0.000,0.000,0.000,0.000,0.000
2003,VT,50,5.000,0.000,1.000,0.000,0.000,0.000,0.000,0,0,0.000,0.000,0.000,0.000,0.000,0.000,0.000
2004,VT,50,6.000,0.000,1.000,0.000,0.000,0.000,0.000,0,0,0.000,0.000,0.000,0.000,0.000,0.000,0.000
2005,VT,50,6.000,0.000,1.000,0.000,0.000,0.000,0.000,0,0,0.000,0.000,0.000,0.000,0.000,0.000,0.000
2006,VT,50,6.000,0.000,1.000,0.000,0.000,0.000,0.000,0,0,0.000,0.000,0.000,0.000,0.000,0.000,0.000
2007,VT,50,6.000,0.000,1.000,0.000,0.000,0.000,0.000,0,0,0.000,0.000,0.000,0.000,0.000,0.000,0.000
2008,VT,50,6.000,0.000,1.000,0.000,0.000,0.000,0.000,0,0,0.000,0.000,0.000,0.000,0.000,0.000,0.000
2009,VT,50,6.000,0.000,1.000,0.000,0.000,0.000,0.000,0,0,0.000,0.000,0.000,0.000,0.000,0.000,0.000
2010,VT,50,6.000,0.000,1.000,0.000,0.000,0.000,0.000,0,0,0.000,0.000,0.000,0.000,0.000,0.000,0.000
2011,VT,50,6.000,0.000,1.000,0.000,0.000,0.000,0.000,0,0,0.000,0.000,0.000,0.000,0.000,0.000,0.000
2012,VT,50,6.000,0.000,1.000,0.000,0.000,0.000,0.000,0,0,0.000,0.000,0.000,0.000,0.000,0.000,0.000
2013,VT,50,6.000,0.000,1.000,0.000,0.000,0.000,0.000,0,0,0.000,0.000,0.000,0.000,0.000,0.000,0.000
2014,VT,50,6.000,0.000,1.000,0.000,0.000,0.000,0.000,0,0,0.000,0.000,0.000,0.000,0.000,0.000,0.000
1997,VA,51,3.500,3.500,0.000,1.000,0.000,3.500,3.500,0,0,3.500,3.500,3.500,3.500,3.500,3.500,3.500
1998,VA,51,3.500,3.500,0.000,1.000,0.000,3.500,3.500,0,0,3.500,3.500,3.500,3.500,3.500,3.500,3.500
1999,VA,51,3.500,3.500,0.000,1.000,0.000,3.500,3.500,0,0,3.500,3.500,3.500,3.500,3.500,3.500,3.500
2000,VA,51,3.500,2.000,1.000,1.000,0.000,2.000,3.500,0,1,2.000,2.000,2.000,3.500,2.000,2.000,2.000
2001,VA,51,3.500,2.000,1.000,1.000,0.000,2.000,3.500,0,1,2.000,2.000,2.000,3.500,2.000,2.000,2.000
2002,VA,51,3.500,2.000,1.000,1.000,0.000,2.000,3.500,0,1,2.000,2.000,2.000,3.500,2.000,2.000,2.000
2003,VA,51,3.500,2.000,1.000,1.000,0.000,2.000,3.500,0,1,2.000,2.000,2.000,3.500,2.000,2.000,2.000
2004,VA,51,3.500,1.000,1.000,1.000,0.000,1.000,3.500,0,1,1.000,1.000,1.000,3.500,1.000,1.000,1.000
2005,VA,51,4.000,1.500,1.000,1.000,0.000,1.500,4.000,0,1,1.500,1.500,1.500,4.000,1.500,1.500,1.500
2006,VA,51,4.000,1.500,1.000,1.000,0.000,1.500,4.000,0,1,1.500,1.500,1.500,4.000,1.500,1.500,1.500
2007,VA,51,4.000,1.500,1.000,1.000,0.000,1.500,4.000,0,1,1.500,1.500,1.500,4.000,1.500,1.500,1.500
2008,VA,51,4.000,1.500,1.000,1.000,0.000,1.500,4.000,0,1,1.500,1.500,1.500,4.000,1.500,1.500,1.500
2009,VA,51,4.000,1.500,1.000,1.000,0.000,1.500,4.000,0,1,1.500,1.500,1.500,4.000,1.500,1.500,1.500
2010,VA,51,4.000,1.500,1.000,1.000,0.000,1.500,4.000,0,1,1.500,1.500,1.500,4.000,1.500,1.500,1.500
2011,VA,51,4.000,1.500,1.000,1.000,0.000,1.500,4.000,0,1,1.500,1.500,1.500,4.000,1.500,1.500,1.500
2012,VA,51,4.000,1.500,1.000,1.000,0.000,1.500,4.000,0,1,1.500,1.500,1.500,4.000,1.500,1.500,1.500
2013,VA,51,4.000,1.500,1.000,1.000,0.000,1.500,4.000,0,1,1.500,1.500,1.500,4.000,1.500,1.500,1.500
2014,VA,51,4.300,1.500,1.000,1.000,0.000,1.500,5.300,0,1,1.500,1.500,1.500,5.300,1.500,1.500,1.500
1997,WA,53,6.500,0.000,1.000,1.000,0.000,6.500,6.500,1,1,6.500,0.000,0.000,6.500,0.000,0.000,0.000
1998,WA,53,6.500,0.000,1.000,1.000,0.000,6.500,6.500,1,1,6.500,0.000,0.000,6.500,0.000,0.000,3.500
1999,WA,53,6.500,0.000,1.000,1.000,0.000,6.500,6.500,1,1,6.500,0.000,0.000,6.500,0.000,0.000,3.500
2000,WA,53,6.500,0.000,1.000,1.000,0.000,6.500,6.500,1,1,6.500,0.000,0.000,6.500,0.000,0.000,0.000
2001,WA,53,6.500,0.000,1.000,1.000,0.000,6.500,6.500,1,1,6.500,0.000,0.000,6.500,0.000,0.000,0.000
2002,WA,53,6.500,0.000,1.000,1.000,0.000,6.500,6.500,1,1,6.500,0.000,0.000,6.500,0.000,0.000,0.000
2003,WA,53,6.500,0.000,1.000,1.000,0.000,6.500,6.500,1,1,6.500,0.000,0.000,6.500,0.000,0.000,0.000
2004,WA,53,6.500,0.000,1.000,1.000,0.000,6.500,6.500,1,1,0.000,0.000,0.000,6.500,0.000,0.000,0.000
2005,WA,53,6.500,0.000,1.000,1.000,0.000,6.500,6.500,1,1,0.000,0.000,0.000,6.500,0.000,0.000,0.000
2006,WA,53,6.500,0.000,1.000,1.000,0.000,6.500,6.500,1,1,0.000,0.000,0.000,6.500,0.000,0.000,0.000
2007,WA,53,6.500,0.000,1.000,1.000,0.000,6.500,6.500,1,1,0.000,0.000,0.000,6.500,0.000,0.000,0.000
2008,WA,53,6.500,0.000,1.000,1.000,0.000,6.500,6.500,1,1,0.000,0.000,0.000,6.500,0.000,0.000,0.000
2009,WA,53,6.500,0.000,1.000,1.000,0.000,6.500,6.500,1,1,0.000,0.000,0.000,6.500,0.000,0.000,0.000
2010,WA,53,6.500,0.000,1.000,1.000,0.000,6.500,6.500,1,1,0.000,0.000,0.000,6.500,0.000,0.000,0.000
2011,WA,53,6.500,0.000,1.000,1.000,0.000,6.500,6.500,1,1,0.000,0.000,0.000,6.500,0.000,0.000,0.000
2012,WA,53,6.500,0.000,1.000,1.000,0.000,6.500,6.500,1,1,0.000,0.000,0.000,6.500,0.000,0.000,0.000
2013,WA,53,6.500,0.000,1.000,1.000,0.000,6.500,6.500,1,1,0.000,0.000,0.000,6.500,0.000,0.000,0.000
2014,WA,53,6.500,0.000,1.000,1.000,0.000,6.500,6.500,1,1,0.000,0.000,0.000,6.500,0.000,0.000,0.000
1997,WV,54,6.000,6.000,0.000,0.000,0.000,6.000,0.000,0,0,6.000,6.000,6.000,6.000,6.000,6.000,6.000
1998,WV,54,6.000,6.000,0.000,0.000,0.000,6.000,0.000,0,0,6.000,6.000,6.000,6.000,6.000,6.000,6.000
1999,WV,54,6.000,6.000,0.000,0.000,0.000,6.000,0.000,0,0,6.000,6.000,6.000,6.000,6.000,6.000,6.000
2000,WV,54,6.000,6.000,0.000,0.000,0.000,6.000,0.000,0,0,6.000,6.000,6.000,6.000,6.000,6.000,6.000
2001,WV,54,6.000,6.000,0.000,0.000,0.000,6.000,0.000,0,0,6.000,6.000,6.000,6.000,6.000,6.000,6.000
2002,WV,54,6.000,6.000,0.000,0.000,0.000,6.000,0.000,0,0,6.000,6.000,6.000,6.000,6.000,6.000,6.000
2003,WV,54,6.000,6.000,0.000,0.000,0.000,6.000,0.000,0,0,6.000,6.000,6.000,6.000,6.000,6.000,6.000
2004,WV,54,6.000,6.000,0.000,0.000,0.000,6.000,0.000,0,0,6.000,6.000,6.000,6.000,6.000,6.000,6.000
2005,WV,54,6.000,6.000,0.000,0.000,0.000,6.000,0.000,0,0,6.000,6.000,6.000,6.000,6.000,6.000,6.000
2006,WV,54,6.000,5.000,1.000,1.000,0.000,5.000,5.000,0,0,5.000,5.000,5.000,5.000,5.000,5.000,5.000
2007,WV,54,6.000,5.000,1.000,1.000,0.000,5.000,5.000,0,0,5.000,5.000,5.000,5.000,5.000,5.000,5.000
2008,WV,54,6.000,4.000,1.000,1.000,0.000,6.000,6.000,1,1,4.000,4.000,4.000,6.000,4.000,4.000,4.000
2009,WV,54,6.000,3.000,1.000,1.000,0.000,6.000,6.000,1,1,3.000,3.000,3.000,6.000,3.000,3.000,3.000
2010,WV,54,6.000,3.000,1.000,1.000,0.000,6.000,6.000,1,1,3.000,3.000,3.000,6.000,3.000,3.000,3.000
2011,WV,54,6.000,3.000,1.000,1.000,0.000,6.000,6.000,1,1,3.000,3.000,3.000,6.000,3.000,3.000,3.000
2012,WV,54,6.000,2.000,1.000,1.000,0.000,6.000,6.000,1,1,2.000,2.000,2.000,6.000,2.000,2.000,2.000
2013,WV,54,6.000,1.000,1.000,1.000,0.000,6.000,6.000,1,1,1.000,1.000,1.000,6.000,1.000,1.000,1.000
2014,WV,54,6.000,0.000,1.000,1.000,0.000,6.000,6.000,1,1,0.000,0.000,0.000,6.000,0.000,0.000,0.000
1997,WI,55,5.000,0.000,1.000,0.000,0.000,5.000,5.000,1,1,0.000,5.000,5.000,0.000,5.000,0.000,0.000
1998,WI,55,5.000,0.000,1.000,0.000,0.000,5.000,5.000,1,1,0.000,5.000,5.000,0.000,5.000,0.000,0.000
1999,WI,55,5.000,0.000,1.000,0.000,0.000,5.000,5.000,1,1,0.000,5.000,5.000,0.000,5.000,0.000,0.000
2000,WI,55,5.000,0.000,1.000,0.000,0.000,5.000,5.000,1,1,0.000,5.000,5.000,0.000,5.000,0.000,0.000
2001,WI,55,5.000,0.000,1.000,0.000,0.000,5.000,5.000,1,1,0.000,5.000,5.000,0.000,5.000,0.000,0.000
2002,WI,55,5.000,0.000,1.000,0.000,0.000,5.000,5.000,1,1,0.000,5.000,5.000,0.000,5.000,0.000,0.000
2003,WI,55,5.000,0.000,1.000,0.000,0.000,5.000,5.000,1,1,0.000,5.000,5.000,0.000,5.000,0.000,0.000
2004,WI,55,5.000,0.000,1.000,0.000,0.000,5.000,5.000,1,1,0.000,5.000,5.000,0.000,5.000,0.000,0.000
2005,WI,55,5.000,0.000,1.000,0.000,0.000,5.000,5.000,1,1,0.000,5.000,5.000,0.000,5.000,0.000,0.000
2006,WI,55,5.000,0.000,1.000,0.000,0.000,5.000,5.000,1,1,0.000,5.000,5.000,0.000,5.000,0.000,0.000
2007,WI,55,5.000,0.000,1.000,0.000,0.000,5.000,5.000,1,1,0.000,5.000,5.000,0.000,5.000,0.000,0.000
2008,WI,55,5.000,0.000,1.000,0.000,0.000,5.000,5.000,1,1,0.000,5.000,5.000,0.000,5.000,0.000,0.000
2009,WI,55,5.000,0.000,1.000,0.000,0.000,5.000,5.000,1,1,0.000,5.000,5.000,0.000,5.000,0.000,0.000
2010,WI,55,5.000,0.000,1.000,0.000,0.000,5.000,5.000,1,1,0.000,5.000,5.000,0.000,5.000,0.000,0.000
2011,WI,55,5.000,0.000,1.000,0.000,0.000,5.000,5.000,1,1,0.000,5.000,5.000,0.000,5.000,0.000,0.000
2012,WI,55,5.000,0.000,1.000,0.000,0.000,5.000,5.000,1,1,0.000,5.000,5.000,0.000,5.000,0.000,0.000
2013,WI,55,5.000,0.000,1.000,0.000,0.000,5.000,5.000,1,1,0.000,5.000,5.000,0.000,5.000,0.000,0.000
2014,WI,55,5.000,0.000,1.000,0.000,0.000,5.000,5.000,1,1,0.000,5.000,5.000,0.000,5.000,0.000,0.000
1997,WY,56,4.000,4.000,0.000,0.000,0.000,4.000,4.000,0,0,4.000,4.000,4.000,4.000,4.000,4.000,4.000
1998,WY,56,4.000,4.000,0.000,0.000,0.000,4.000,4.000,0,0,4.000,4.000,4.000,4.000,4.000,4.000,4.000
1999,WY,56,4.000,4.000,0.000,0.000,0.000,4.000,4.000,0,0,4.000,4.000,4.000,4.000,4.000,4.000,4.000
2000,WY,56,4.000,4.000,0.000,0.000,0.000,4.000,4.000,0,0,4.000,4.000,4.000,4.000,4.000,4.000,4.000
2001,WY,56,4.000,4.000,0.000,0.000,0.000,4.000,4.000,0,0,4.000,4.000,4.000,4.000,4.000,4.000,4.000
2002,WY,56,4.000,4.000,0.000,0.000,0.000,4.000,4.000,0,0,4.000,4.000,4.000,4.000,4.000,4.000,4.000
2003,WY,56,4.000,4.000,0.000,0.000,0.000,4.000,4.000,0,0,4.000,4.000,4.000,4.000,4.000,4.000,4.000
2004,WY,56,4.000,4.000,0.000,0.000,0.000,4.000,4.000,0,0,4.000,4.000,4.000,4.000,4.000,4.000,4.000
2005,WY,56,4.000,4.000,0.000,0.000,0.000,4.000,4.000,0,0,4.000,4.000,4.000,4.000,4.000,4.000,4.000
2006,WY,56,4.000,4.000,0.000,0.000,0.000,4.000,4.000,0,0,4.000,4.000,4.000,4.000,4.000,4.000,4.000
2007,WY,56,4.000,0.000,1.000,0.000,0.000,0.000,4.000,0,1,0.000,0.000,0.000,4.000,0.000,0.000,0.000
2008,WY,56,4.000,0.000,1.000,0.000,0.000,0.000,4.000,0,1,0.000,0.000,0.000,4.000,0.000,0.000,0.000
2009,WY,56,4.000,0.000,1.000,0.000,0.000,0.000,4.000,0,1,0.000,0.000,0.000,4.000,0.000,0.000,0.000
2010,WY,56,4.000,0.000,1.000,0.000,0.000,0.000,4.000,0,1,0.000,0.000,0.000,4.000,0.000,0.000,0.000
2011,WY,56,4.000,0.000,1.000,0.000,0.000,0.000,4.000,0,1,0.000,0.000,0.000,4.000,0.000,0.000,0.000
2012,WY,56,4.000,0.000,1.000,0.000,0.000,0.000,4.000,0,1,0.000,0.000,0.000,4.000,0.000,0.000,0.000
2013,WY,56,4.000,0.000,1.000,0.000,0.000,0.000,4.000,0,1,0.000,0.000,0.000,4.000,0.000,0.000,0.000
2014,WY,56,4.000,0.000,1.000,0.000,0.000,0.000,4.000,0,1,0.000,0.000,0.000,4.000,0.000,0.000,0.000
